Workbook

Sheet Sheet1
B1: 레어 | C1: 유니크 | D1: 레전더리 | E1: 에픽 | F1: 태초
A2: 종숭이확률 | B2: 0.25 | C2: 0.2 | D2: 0.036 | E2: 0.016 | F2: 0.00166 | G2: =SUM(B2:F2) -> 0.50366 | I2: 1.5 | J2: =Sheet2!B16 -> 1.5906764 | K2: =Sheet2!C16 -> 1.3195683 | L2: =Sheet2!D16 -> 1.6027701
A3: 종숭이 소울 계시 | B3: 2 | C3: 4 | D3: 30 | E3: 90 | F3: 1000
A4: 종숭이 회수 계시 | B4: =B2*B3 -> 0.5 | C4: =C2*C3 -> 0.8 | D4: =D2*D3 -> 1.08 | E4: =E2*E3 -> 1.44 | F4: =F2*F3 -> 1.66 | G4: =SUM(B4:F4) -> 5.48 | I4: 한판계시
A5: 조율자배율확률 | B5: =B2 -> 0.25 | C5: 0.2 | D5: 0.035 | E5: 0.016 | F5: 0.0015 | G5: =SUM(B5:F5) -> 0.5025 | I5: 44
A6: 조율자헬확률 | B6: =B5 -> 0.25 | C6: =C5*I2 -> 0.3 | D6: =D5*J2 -> 0.055673674 | E6: =E5*K2 -> 0.021113093 | F6: =F5*L2 -> 0.0024041551 | G6: =SUM(B6:F6) -> 0.62919092
A7: 미광 개수 | B7: 1 | C7: 2 | D7: 10 | E7: 30 | F7: 100
A8: 소울 계시 | B8: =B7*4 -> 4 | C8: =C7*4 -> 8 | D8: =D7*4 -> 40 | E8: =E7*4 -> 120 | F8: =F7*4 -> 400
A9: 조율자배율 회수 계시 | B9: =B5*B8 -> 1 | C9: =C5*C8 -> 1.6 | D9: =D5*D8 -> 1.4 | E9: =E5*E8 -> 1.92 | F9: =F5*F8 -> 0.6 | G9: =SUM(B9:F9) -> 6.52
A10: 조율자헬 회수 계시 | B10: =B6*B8 -> 1 | C10: =C6*C8 -> 2.4 | D10: =D6*D8 -> 2.226947 | E10: =E6*E8 -> 2.5335711 | F10: =F6*F8 -> 0.96166205 | G10: =SUM(B10:F10) -> 9.1221802
A11: 등급별 결정 조각 갯수 | B11: 1 | C11: 12 | D11: 28 | E11: 50 | F11: 100
A12: 결정 조각 조율자 배율 개수 | B12: =B5*B11 -> 0.25 | C12: =C5*C11/12 -> 0.2 | D12: =D5*D11/12 -> 0.081666667 | E12: =E5*E11/12 -> 0.066666667 | F12: =F5*F11/12 -> 0.0125 | G12: =SUM(B12:F12) -> 0.61083333
A13: 결정 조각 헬 판당 개수 | B13: =B6*B11 -> 0.25 | C13: =C6*C11/12 -> 0.3 | D13: =D6*D11/12 -> 0.12990524 | E13: =E6*E11/12 -> 0.08797122 | F13: =F6*F11/12 -> 0.020034626 | G13: =SUM(B13:F13) -> 0.78791109
B15: 레어 | C15: 유니크 | D15: 레전더리
A16: 무끼슬 확률 | B16: 0.1128 | C16: 0.0759 | D16: 0.0141 | I16: 판수
I17: 6221
A18: 조율자 배율 회수계시 | C18: =G4+G9 -> 12
A19: 판당 회수 계시 | C19: =G4+G10 -> 14.60218
A21: 소울 기댓값 | B21: 레어 | C21: 유니크 | D21: 레전 | E21: 에픽 | F21: 태초 | G21: 미광
A23: 아포칼립스 2단계 | B23: =Sheet3!$B6*Sheet1!B$2 -> 3 | C23: =Sheet3!$B6*Sheet1!C$2 -> 2.4 | D23: =Sheet3!$B6*Sheet1!D$2 -> 0.432 | E23: =Sheet3!$B6*Sheet1!E$2 -> 0.192 | F23: =Sheet3!$B6*Sheet1!F$2 -> 0.01992 | G23: =Sheet3!$C6*SUM($B$9:$F$9)/4 -> 27.71
A24: 아포칼립스 1단계 | B24: =Sheet3!$B7*Sheet1!B$2 -> 3 | C24: =Sheet3!$B7*Sheet1!C$2 -> 2.4 | D24: =Sheet3!$B7*Sheet1!D$2 -> 0.432 | E24: =Sheet3!$B7*Sheet1!E$2 -> 0.192 | F24: =Sheet3!$B7*Sheet1!F$2 -> 0.01992 | G24: =Sheet3!$C7*SUM($B$9:$F$9)/4 -> 22.82
A25: 아포칼립스 매칭 | B25: =Sheet3!$B8*Sheet1!B$2 -> 3 | C25: =Sheet3!$B8*Sheet1!C$2 -> 2.4 | D25: =Sheet3!$B8*Sheet1!D$2 -> 0.432 | E25: =Sheet3!$B8*Sheet1!E$2 -> 0.192 | F25: =Sheet3!$B8*Sheet1!F$2 -> 0.01992 | G25: =Sheet3!$C8*SUM($B$9:$F$9)/4 -> 14.67
A26: 배교자 | B26: =Sheet3!$B9*Sheet1!B$2 -> 3 | C26: =Sheet3!$B9*Sheet1!C$2 -> 2.4 | D26: =Sheet3!$B9*Sheet1!D$2 -> 0.432 | E26: =Sheet3!$B9*Sheet1!E$2 -> 0.192 | F26: =Sheet3!$B9*Sheet1!F$2 -> 0.01992 | G26: =Sheet3!$C9*SUM($B$9:$F$9)/4 -> 24.45
A27: 별거북 | B27: =Sheet3!$B10*Sheet1!B$2 -> 3 | C27: =Sheet3!$B10*Sheet1!C$2 -> 2.4 | D27: =Sheet3!$B10*Sheet1!D$2 -> 0.432 | E27: =Sheet3!$B10*Sheet1!E$2 -> 0.192 | F27: =Sheet3!$B10*Sheet1!F$2 -> 0.01992 | G27: =Sheet3!$C10*SUM($B$9:$F$9)/4 -> 19.56
A28: 흉몽 | B28: =Sheet3!$B11*Sheet1!B$2 -> 3 | C28: =Sheet3!$B11*Sheet1!C$2 -> 2.4 | D28: =Sheet3!$B11*Sheet1!D$2 -> 0.432 | E28: =Sheet3!$B11*Sheet1!E$2 -> 0.192 | F28: =Sheet3!$B11*Sheet1!F$2 -> 0.01992 | G28: =Sheet3!$C11*SUM($B$9:$F$9)/4 -> 14.67
A29: 여신전 | B29: =Sheet3!$B12*Sheet1!B$2 -> 2.75 | C29: =Sheet3!$B12*Sheet1!C$2 -> 2.2 | D29: =Sheet3!$B12*Sheet1!D$2 -> 0.396 | E29: =Sheet3!$B12*Sheet1!E$2 -> 0.176 | F29: =Sheet3!$B12*Sheet1!F$2 -> 0.01826 | G29: =Sheet3!$C12*SUM($B$9:$F$9)/4 -> 11.41
A30: 애쥬어 | B30: =Sheet3!$B13*Sheet1!B$2 -> 2.5 | C30: =Sheet3!$B13*Sheet1!C$2 -> 2 | D30: =Sheet3!$B13*Sheet1!D$2 -> 0.36 | E30: =Sheet3!$B13*Sheet1!E$2 -> 0.16 | F30: =Sheet3!$B13*Sheet1!F$2 -> 0.0166 | G30: =Sheet3!$C13*SUM($B$9:$F$9)/4 -> 6.52
A31: 호수 | B31: =Sheet3!$B14*Sheet1!B$2 -> 1.75 | C31: =Sheet3!$B14*Sheet1!C$2 -> 1.4 | D31: =Sheet3!$B14*Sheet1!D$2 -> 0.252 | E31: =Sheet3!$B14*Sheet1!E$2 -> 0.112 | F31: =Sheet3!$B14*Sheet1!F$2 -> 0.01162 | G31: =Sheet3!$C14*SUM($B$9:$F$9)/4 -> 4.89
A32: 디레 악연 | B32: =Sheet3!$B15*Sheet1!B$2 -> 3 | C32: =Sheet3!$B15*Sheet1!C$2 -> 2.4 | D32: =Sheet3!$B15*Sheet1!D$2 -> 0.432 | E32: =Sheet3!$B15*Sheet1!E$2 -> 0.192 | F32: =Sheet3!$B15*Sheet1!F$2 -> 0.01992 | G32: =Sheet3!$C15*SUM($B$9:$F$9)/4 -> 16.3
A33: 디레 보통 | B33: =Sheet3!$B16*Sheet1!B$2 -> 3 | C33: =Sheet3!$B16*Sheet1!C$2 -> 2.4 | D33: =Sheet3!$B16*Sheet1!D$2 -> 0.432 | E33: =Sheet3!$B16*Sheet1!E$2 -> 0.192 | F33: =Sheet3!$B16*Sheet1!F$2 -> 0.01992 | G33: =Sheet3!$C16*SUM($B$9:$F$9)/4 -> 14.67
A34: 디레 매칭 | B34: =Sheet3!$B17*Sheet1!B$2 -> 2.5 | C34: =Sheet3!$B17*Sheet1!C$2 -> 2 | D34: =Sheet3!$B17*Sheet1!D$2 -> 0.36 | E34: =Sheet3!$B17*Sheet1!E$2 -> 0.16 | F34: =Sheet3!$B17*Sheet1!F$2 -> 0.0166 | G34: =Sheet3!$C17*SUM($B$9:$F$9)/4 -> 9.78
... A42: 계시:천해를 품은 하늘 | B42: =Sheet3!$B25*Sheet1!B$2 -> 3.5 | C42: =Sheet3!$B25*Sheet1!C$2 -> 2.8 | D42: =Sheet3!$B25*Sheet1!D$2 -> 0.504 | E42: =Sheet3!$B25*Sheet1!E$2 -> 0.224 | F42: =Sheet3!$B25*Sheet1!F$2 -> 0.02324 | G42: =Sheet3!$C25*SUM($B$9:$F$9)/4 -> 22.82

Sheet Sheet2
A1: 던전 | B1: 서약 결정 전설 | C1: 서약 결정 에픽 | D1: 서약 결정 태초 | E1: 서약 전설 | F1: 서약 에픽 | G1: 서약 태초
A2: 빙흉길 어려움 | B2: 11.453 | C2: 5.222 | D2: 0.514 | E2: 기준 1 | F2: 0.502 | G2: 0.149
A3: 빙흉길 보통 | B3: 11.901 | C3: 5.301 | D3: 0.493 | E3: 기준 1 | F3: 0.559 | G3: 0.141
A4: 빙흉길 매칭 | B4: 11.927 | C4: 5.221 | D4: 0.515 | E4: 기준 1 | F4: 0.502 | G4: 0.151
A5: 빙흉길 솔플 | B5: 12.446 | C5: 5.554 | D5: 0.554 | E5: 기준 1 | F5: 0.485 | G5: 0.168
A6: 배교자의 성 | B6: 11.672 | C6: 5.21 | D6: 0.529 | E6: 기준 1 | F6: 0.542 | G6: 0.144
A7: 성좌영귀 대서고 | B7: 11.269 | C7: 5.077 | D7: 0.486 | E7: 기준 1 | F7: 0.479 | G7: 0.136
A8: 악몽 순환 | B8: 11.51 | C8: 5.316 | D8: 0.472 | E8: 기준 1 | F8: 0.497 | G8: 0.121
A9: 명계의 여신전 | B9: 11.157 | C9: 4.958 | D9: 0.423 | E9: 기준 1 | F9: 0.484 | G9: 0.132
A10: 애쥬어호 | B10: 11.051 | C10: 5.171 | D10: 0.528 | E10: 기준 1 | F10: 0.5 | G10: 0.125
A11: 침월호 | B11: 12 | C11: 4.619 | D11: 0.381 | E11: 기준 1 | F11: 0.952 | G11: 0.143
A12: 1+1 | B12: 11.955 | C12: 5.428 | D12: 0.52 | E12: 기준 1 | F12: 0.527 | G12: 0.136
A13: 평균 | B13: =AVERAGE(B2:B12) -> 11.667364 | C13: =AVERAGE(C2:C12) -> 5.1888182 | D13: =AVERAGE(D2:D12) -> 0.49227273 | F13: =AVERAGE(F2:F12) -> 0.54809091 | G13: =AVERAGE(G2:G12) -> 0.14054545
A14: 최종 조율자 | B14: 18.559 | C14: 6.847 | D14: 0.789 | E14: 기준 1 | F14: 0.513 | G14: 0.137
A16: 배율대비 조율자가 더 먹는 비율 | B16: =B14/B13 -> 1.5906764 | C16: =C14/C13 -> 1.3195683 | D16: =D14/D13 -> 1.6027701

Sheet Sheet3
A1: 콘텐츠 | B1: 장비 배율 | C1: 조율자 배율 | D1: 교불계시 | E1: 계귀계시 | F1: 비고
A2: 미카엘라 하드 | B2: 15 | C2: 20
A3: 미카엘라 일반 | B3: 15 | C3: 20
A4: 미카엘라 매칭 | B4: 12 | C4: 13
A5: 아포칼립스 3단계 | B5: 14 | C5: 21 | E5: 280
A6: 아포칼립스 2단계 | B6: 12 | C6: 17 | D6: 260
A7: 아포칼립스 1단계 | B7: 12 | C7: 14 | D7: 240
A8: 아포칼립스 매칭 | B8: 12 | C8: 9 | D8: 180
A9: 배교자 | B9: 12 | C9: 15 | D9: 240
A10: 별거북 | B10: 12 | C10: 12 | D10: 220
A11: 흉몽 | B11: 12 | C11: 9 | D11: 180
A12: 여신전 | B12: 11 | C12: 7 | D12: 140
A13: 애쥬어 | B13: 10 | C13: 4 | D13: 100
A14: 호수 | B14: 7 | C14: 3 | D14: 60
A15: 디레 악연 | B15: 12 | C15: 10 | E15: 180
A16: 디레 보통 | B16: 12 | C16: 9 | D16: 180
A17: 디레 매칭 | B17: 10 | C17: 6 | D17: 160
A18: 디레 싱글 | B18: 9 | C18: 5 | D18: 140
A19: 이내황혼전 | B19: 12 | C19: 0 | E19: 180
A20: 나벨 레이드 | B20: 12 | C20: 0 | D20: 200
A21: 나벨 매칭 | B21: 8 | C21: 0 | D21: 110
A22: 나벨 싱글 | B22: 7 | C22: 0 | D22: 90
A23: 베누스 2/3단계 | B23: 8 | C23: 0 | D23: 100
A24: 베누스 1단계 | B24: 5 | C24: 0 | D24: 60
A25: 계시:천해를 품은 하늘 | B25: 14 | C25: 14 | D25: 345 | F25: 일일컨텐츠, 하루에 피로도 8*2
