Workbook
Name Equip_Belt_Grades: '장비 등급별 옵션'!$A$30:$A$34
Name Equip_Bracelet_Grades: '장비 등급별 옵션'!$J$16:$J$20
Name Equip_Earring_Grades: '장비 등급별 옵션'!$J$37:$J$40
Name Equip_Jacket_Grades: '장비 등급별 옵션'!$A$2:$A$6
Name Equip_MagicStone_Grades: '장비 등급별 옵션'!$J$30:$J$33
Name Equip_Necklace_Grades: '장비 등급별 옵션'!$J$2:$J$6
Name Equip_Pants_Grades: '장비 등급별 옵션'!$A$16:$A$20
Name Equip_Ring_Grades: '장비 등급별 옵션'!$J$9:$J$13
Name Equip_Shoes_Grades: '장비 등급별 옵션'!$A$23:$A$27
Name Equip_Shoulder_Grades: '장비 등급별 옵션'!$A$9:$A$13
Name Equip_SubEquipment_Grades: '장비 등급별 옵션'!$J$23:$J$26

Sheet 장비 세트 단계
A1: 세트단계 | B1: 필요 세트포인트 | C1: 변경 후 장비점수 | D1: 변경 후 스탯(필수) | E1: 상의 | F1: 머리어깨 | G1: 하의 | H1: 신발 | I1: 허리 | J1: 목걸이 | K1: 반지 | L1: 팔찌 | M1: 보조장비 | N1: 마법석 | O1: 귀걸이 | P1: 공격력증가 | Q1: 이전 단계 전후비(%) | R1: 세트 단계 최종뎀(%) | S1: 장비최종뎀곱 | T1: 장비공격력증가합 | U1: 장비속강합 | V1: 장비쿨감합(참고) | W1: 장비힘합 | X1: 장비본체옵션전후비 | Y1: 공격력증가전후비 | Z1: 주스탯전후비 | AA1: 세트제외보정점수 | AB1: 전체점수전후비 | AC1: 세트단계전후비 | AD1: 최종뎀 0.1% 반올림 | AE1: 검산 장비점수 | AF1: 검산 오차
A2: 레어 I | B2: 750 | C2: 719 | D2: =$D$25+W2-$W$25 -> 6306 | E2: 유니크 | F2: 레어 | G2: 레어 | H2: 레어 | I2: 레어 | J2: 레어 | K2: 레어 | L2: 레어 | M2: 레어 | N2: 레어 | O2: 레어 | P2: 0 | Q2: =0 -> 0 | R2: =IF(OR(AC2="",$AC$2="",$R$25=""),"",(AC2/$AC$2*(1+$R$25/100)-1)*100) -> 4 | S2: =(1+IFERROR(VLOOKUP(E2,'장비 등급별 옵션'!$A$2:$D$6,3,FALSE),0)/100)*(1+IFERROR(VLOOKUP(F2,'장비 등급별 옵션'!$A$9:$D$13,3,FALSE),0)/100)*(1+IFERROR(VLOOKUP(G2,'장비 등급별 옵션'!$A$16:$D$20,3,FALSE),0)/100)*(1+IFERROR(VLOOKUP(H2,'장비 등급별 옵션'!$A$23:$D$27,3,FALSE),0)/100)*(1+IFERROR(VLOOKUP(I2,'장비 등급별 옵션'!$A$30:$D$34,3,FALSE),0)/100)*(1+IFERROR(VLOOKUP(J2,'장비 등급별 옵션'!$J$2:$N$6,3,FALSE),0)/100)*(1+IFERROR(VLOOKUP(K2,'장비 등급별 옵션'!$J$9:$N$13,3,FALSE),0)/100)*(1+IFERROR(VLOOKUP(L2,'장비 등급별 옵션'!$J$16:$N$20,3,FALSE),0)/100)*(1+IFERROR(VLOOKUP(M2,'장비 등급별 옵션'!$J$23:$N$27,3,FALSE),0)/100)*(1+IFERROR(VLOOKUP(N2,'장비 등급별 옵션'!$J$30:$N$34,3,FALSE),0)/100)*(1+IFERROR(VLOOKUP(O2,'장비 등급별 옵션'!$J$37:$N$40,3,FALSE),0)/100) -> 68.080797 | T2: =IFERROR(VLOOKUP(E2,'장비 등급별 옵션'!$A$2:$D$6,2,FALSE),0)+IFERROR(VLOOKUP(F2,'장비 등급별 옵션'!$A$9:$D$13,2,FALSE),0)+IFERROR(VLOOKUP(G2,'장비 등급별 옵션'!$A$16:$D$20,2,FALSE),0)+IFERROR(VLOOKUP(H2,'장비 등급별 옵션'!$A$23:$D$27,2,FALSE),0)+IFERROR(VLOOKUP(I2,'장비 등급별 옵션'!$A$30:$D$34,2,FALSE),0)+IFERROR(VLOOKUP(J2,'장비 등급별 옵션'!$J$2:$N$6,2,FALSE),0)+IFERROR(VLOOKUP(K2,'장비 등급별 옵션'!$J$9:$N$13,2,FALSE),0)+IFERROR(VLOOKUP(L2,'장비 등급별 옵션'!$J$16:$N$20,2,FALSE),0)+IFERROR(VLOOKUP(M2,'장비 등급별 옵션'!$J$23:$N$27,2,FALSE),0)+IFERROR(VLOOKUP(N2,'장비 등급별 옵션'!$J$30:$N$34,2,FALSE),0)+IFERROR(VLOOKUP(O2,'장비 등급별 옵션'!$J$37:$N$40,2,FALSE),0) -> 24189 | U2: =IFERROR(VLOOKUP(E2,'장비 등급별 옵션'!$A$2:$D$6,4,FALSE),0)+IFERROR(VLOOKUP(F2,'장비 등급별 옵션'!$A$9:$D$13,4,FALSE),0)+IFERROR(VLOOKUP(G2,'장비 등급별 옵션'!$A$16:$D$20,4,FALSE),0)+IFERROR(VLOOKUP(H2,'장비 등급별 옵션'!$A$23:$D$27,4,FALSE),0)+IFERROR(VLOOKUP(I2,'장비 등급별 옵션'!$A$30:$D$34,4,FALSE),0)+IFERROR(VLOOKUP(J2,'장비 등급별 옵션'!$J$2:$N$6,4,FALSE),0)+IFERROR(VLOOKUP(K2,'장비 등급별 옵션'!$J$9:$N$13,4,FALSE),0)+IFERROR(VLOOKUP(L2,'장비 등급별 옵션'!$J$16:$N$20,4,FALSE),0)+IFERROR(VLOOKUP(M2,'장비 등급별 옵션'!$J$23:$N$27,4,FALSE),0)+IFERROR(VLOOKUP(N2,'장비 등급별 옵션'!$J$30:$N$34,4,FALSE),0)+IFERROR(VLOOKUP(O2,'장비 등급별 옵션'!$J$37:$N$40,4,FALSE),0) -> 130 | V2: =IFERROR(VLOOKUP(E2,'장비 등급별 옵션'!$A$2:$D$6,5,FALSE),0)+IFERROR(VLOOKUP(F2,'장비 등급별 옵션'!$A$9:$D$13,5,FALSE),0)+IFERROR(VLOOKUP(G2,'장비 등급별 옵션'!$A$16:$D$20,5,FALSE),0)+IFERROR(VLOOKUP(H2,'장비 등급별 옵션'!$A$23:$D$27,5,FALSE),0)+IFERROR(VLOOKUP(I2,'장비 등급별 옵션'!$A$30:$D$34,5,FALSE),0)+IFERROR(VLOOKUP(J2,'장비 등급별 옵션'!$J$2:$N$6,5,FALSE),0)+IFERROR(VLOOKUP(K2,'장비 등급별 옵션'!$J$9:$N$13,5,FALSE),0)+IFERROR(VLOOKUP(L2,'장비 등급별 옵션'!$J$16:$N$20,5,FALSE),0)+IFERROR(VLOOKUP(M2,'장비 등급별 옵션'!$J$23:$N$27,5,FALSE),0)+IFERROR(VLOOKUP(N2,'장비 등급별 옵션'!$J$30:$N$34,5,FALSE),0)+IFERROR(VLOOKUP(O2,'장비 등급별 옵션'!$J$37:$N$40,5,FALSE),0) -> 15 | W2: =IFERROR(VLOOKUP(E2,'장비 등급별 옵션'!$A$2:$H$6,5,FALSE),0)+IFERROR(VLOOKUP(F2,'장비 등급별 옵션'!$A$9:$H$13,5,FALSE),0)+IFERROR(VLOOKUP(G2,'장비 등급별 옵션'!$A$16:$H$20,5,FALSE),0)+IFERROR(VLOOKUP(H2,'장비 등급별 옵션'!$A$23:$H$27,5,FALSE),0)+IFERROR(VLOOKUP(I2,'장비 등급별 옵션'!$A$30:$H$34,5,FALSE),0)+IFERROR(VLOOKUP(J2,'장비 등급별 옵션'!$J$2:$R$6,6,FALSE),0)+IFERROR(VLOOKUP(K2,'장비 등급별 옵션'!$J$9:$R$13,6,FALSE),0)+IFERROR(VLOOKUP(L2,'장비 등급별 옵션'!$J$16:$R$20,6,FALSE),0)+IFERROR(VLOOKUP(M2,'장비 등급별 옵션'!$J$23:$R$27,6,FALSE),0)+IFERROR(VLOOKUP(N2,'장비 등급별 옵션'!$J$30:$R$34,6,FALSE),0)+IFERROR(VLOOKUP(O2,'장비 등급별 옵션'!$J$37:$R$40,6,FALSE),0) -> 1572 | X2: =(S2*((1.05+U2*0.0045)/1.05))/($S$25*((1.05+$U$25*0.0045)/1.05)) -> 0.50984421 | Y2: =IF($C$27="","",(1+($C$27+T2-$T$25+P2-$P$25)/100)/(1+$C$27/100)) -> 0.68264423 | Z2: =IF(OR(D2="",$D$25="",$Q$25=""),"",(1+(D2+168350+297900+TRUNC(3.08*(D2-$Q$25)+2886))/250)/(1+($D$25+168350+297900+TRUNC(3.08*($D$25-$Q$25)+2886))/250)) -> 0.99878576 | AA2: =IF(OR(C2="",X2="",Y2="",Z2=""),"",C2/X2/Y2/Z2) -> 2068.3529 | AB2: =IF(OR(C2="",$C$25=""),"",C2/$C$25) -> 0.052646994 | AC2: =IF(OR(AB2="",X2="",Y2="",Z2=""),"",AB2/X2/Y2/Z2) -> 0.15145001 | AD2: =IF(R2="","",ROUND(R2,1)) -> 4 | AE2: =IF(OR($C$25="",X2="",Y2="",Z2="",AC2=""),"",ROUND($C$25*X2*Y2*Z2*AC2,0)) -> 719 | AF2: =IF(OR(AE2="",C2=""),"",AE2-C2) -> 0
A3: 레어 II | B3: 830 | C3: 747 | D3: =$D$25+W3-$W$25 -> 6306 | E3: 유니크 | F3: 레어 | G3: 레어 | H3: 레어 | I3: 레어 | J3: 레어 | K3: 레어 | L3: 레어 | M3: 레어 | N3: 레어 | O3: 레어 | P3: 0 | Q3: =IF(OR(R3="",R2=""),"",((1+R3/100)/(1+R2/100)-1)*100) -> 3.8942976 | R3: =IF(OR(AC3="",$AC$2="",$R$25=""),"",(AC3/$AC$2*(1+$R$25/100)-1)*100) -> 8.0500695 | S3: =(1+IFERROR(VLOOKUP(E3,'장비 등급별 옵션'!$A$2:$D$6,3,FALSE),0)/100)*(1+IFERROR(VLOOKUP(F3,'장비 등급별 옵션'!$A$9:$D$13,3,FALSE),0)/100)*(1+IFERROR(VLOOKUP(G3,'장비 등급별 옵션'!$A$16:$D$20,3,FALSE),0)/100)*(1+IFERROR(VLOOKUP(H3,'장비 등급별 옵션'!$A$23:$D$27,3,FALSE),0)/100)*(1+IFERROR(VLOOKUP(I3,'장비 등급별 옵션'!$A$30:$D$34,3,FALSE),0)/100)*(1+IFERROR(VLOOKUP(J3,'장비 등급별 옵션'!$J$2:$N$6,3,FALSE),0)/100)*(1+IFERROR(VLOOKUP(K3,'장비 등급별 옵션'!$J$9:$N$13,3,FALSE),0)/100)*(1+IFERROR(VLOOKUP(L3,'장비 등급별 옵션'!$J$16:$N$20,3,FALSE),0)/100)*(1+IFERROR(VLOOKUP(M3,'장비 등급별 옵션'!$J$23:$N$27,3,FALSE),0)/100)*(1+IFERROR(VLOOKUP(N3,'장비 등급별 옵션'!$J$30:$N$34,3,FALSE),0)/100)*(1+IFERROR(VLOOKUP(O3,'장비 등급별 옵션'!$J$37:$N$40,3,FALSE),0)/100) -> 68.080797 | T3: =IFERROR(VLOOKUP(E3,'장비 등급별 옵션'!$A$2:$D$6,2,FALSE),0)+IFERROR(VLOOKUP(F3,'장비 등급별 옵션'!$A$9:$D$13,2,FALSE),0)+IFERROR(VLOOKUP(G3,'장비 등급별 옵션'!$A$16:$D$20,2,FALSE),0)+IFERROR(VLOOKUP(H3,'장비 등급별 옵션'!$A$23:$D$27,2,FALSE),0)+IFERROR(VLOOKUP(I3,'장비 등급별 옵션'!$A$30:$D$34,2,FALSE),0)+IFERROR(VLOOKUP(J3,'장비 등급별 옵션'!$J$2:$N$6,2,FALSE),0)+IFERROR(VLOOKUP(K3,'장비 등급별 옵션'!$J$9:$N$13,2,FALSE),0)+IFERROR(VLOOKUP(L3,'장비 등급별 옵션'!$J$16:$N$20,2,FALSE),0)+IFERROR(VLOOKUP(M3,'장비 등급별 옵션'!$J$23:$N$27,2,FALSE),0)+IFERROR(VLOOKUP(N3,'장비 등급별 옵션'!$J$30:$N$34,2,FALSE),0)+IFERROR(VLOOKUP(O3,'장비 등급별 옵션'!$J$37:$N$40,2,FALSE),0) -> 24189 | U3: =IFERROR(VLOOKUP(E3,'장비 등급별 옵션'!$A$2:$D$6,4,FALSE),0)+IFERROR(VLOOKUP(F3,'장비 등급별 옵션'!$A$9:$D$13,4,FALSE),0)+IFERROR(VLOOKUP(G3,'장비 등급별 옵션'!$A$16:$D$20,4,FALSE),0)+IFERROR(VLOOKUP(H3,'장비 등급별 옵션'!$A$23:$D$27,4,FALSE),0)+IFERROR(VLOOKUP(I3,'장비 등급별 옵션'!$A$30:$D$34,4,FALSE),0)+IFERROR(VLOOKUP(J3,'장비 등급별 옵션'!$J$2:$N$6,4,FALSE),0)+IFERROR(VLOOKUP(K3,'장비 등급별 옵션'!$J$9:$N$13,4,FALSE),0)+IFERROR(VLOOKUP(L3,'장비 등급별 옵션'!$J$16:$N$20,4,FALSE),0)+IFERROR(VLOOKUP(M3,'장비 등급별 옵션'!$J$23:$N$27,4,FALSE),0)+IFERROR(VLOOKUP(N3,'장비 등급별 옵션'!$J$30:$N$34,4,FALSE),0)+IFERROR(VLOOKUP(O3,'장비 등급별 옵션'!$J$37:$N$40,4,FALSE),0) -> 130 | V3: =IFERROR(VLOOKUP(E3,'장비 등급별 옵션'!$A$2:$D$6,5,FALSE),0)+IFERROR(VLOOKUP(F3,'장비 등급별 옵션'!$A$9:$D$13,5,FALSE),0)+IFERROR(VLOOKUP(G3,'장비 등급별 옵션'!$A$16:$D$20,5,FALSE),0)+IFERROR(VLOOKUP(H3,'장비 등급별 옵션'!$A$23:$D$27,5,FALSE),0)+IFERROR(VLOOKUP(I3,'장비 등급별 옵션'!$A$30:$D$34,5,FALSE),0)+IFERROR(VLOOKUP(J3,'장비 등급별 옵션'!$J$2:$N$6,5,FALSE),0)+IFERROR(VLOOKUP(K3,'장비 등급별 옵션'!$J$9:$N$13,5,FALSE),0)+IFERROR(VLOOKUP(L3,'장비 등급별 옵션'!$J$16:$N$20,5,FALSE),0)+IFERROR(VLOOKUP(M3,'장비 등급별 옵션'!$J$23:$N$27,5,FALSE),0)+IFERROR(VLOOKUP(N3,'장비 등급별 옵션'!$J$30:$N$34,5,FALSE),0)+IFERROR(VLOOKUP(O3,'장비 등급별 옵션'!$J$37:$N$40,5,FALSE),0) -> 15 | W3: =IFERROR(VLOOKUP(E3,'장비 등급별 옵션'!$A$2:$H$6,5,FALSE),0)+IFERROR(VLOOKUP(F3,'장비 등급별 옵션'!$A$9:$H$13,5,FALSE),0)+IFERROR(VLOOKUP(G3,'장비 등급별 옵션'!$A$16:$H$20,5,FALSE),0)+IFERROR(VLOOKUP(H3,'장비 등급별 옵션'!$A$23:$H$27,5,FALSE),0)+IFERROR(VLOOKUP(I3,'장비 등급별 옵션'!$A$30:$H$34,5,FALSE),0)+IFERROR(VLOOKUP(J3,'장비 등급별 옵션'!$J$2:$R$6,6,FALSE),0)+IFERROR(VLOOKUP(K3,'장비 등급별 옵션'!$J$9:$R$13,6,FALSE),0)+IFERROR(VLOOKUP(L3,'장비 등급별 옵션'!$J$16:$R$20,6,FALSE),0)+IFERROR(VLOOKUP(M3,'장비 등급별 옵션'!$J$23:$R$27,6,FALSE),0)+IFERROR(VLOOKUP(N3,'장비 등급별 옵션'!$J$30:$R$34,6,FALSE),0)+IFERROR(VLOOKUP(O3,'장비 등급별 옵션'!$J$37:$R$40,6,FALSE),0) -> 1572 | X3: =(S3*((1.05+U3*0.0045)/1.05))/($S$25*((1.05+$U$25*0.0045)/1.05)) -> 0.50984421 | Y3: =IF($C$27="","",(1+($C$27+T3-$T$25+P3-$P$25)/100)/(1+$C$27/100)) -> 0.68264423 | Z3: =IF(OR(D3="",$D$25="",$Q$25=""),"",(1+(D3+168350+297900+TRUNC(3.08*(D3-$Q$25)+2886))/250)/(1+($D$25+168350+297900+TRUNC(3.08*($D$25-$Q$25)+2886))/250)) -> 0.99878576 | AA3: =IF(OR(C3="",X3="",Y3="",Z3=""),"",C3/X3/Y3/Z3) -> 2148.9007 | AB3: =IF(OR(C3="",$C$25=""),"",C3/$C$25) -> 0.054697225 | AC3: =IF(OR(AB3="",X3="",Y3="",Z3=""),"",AB3/X3/Y3/Z3) -> 0.15734793 | AD3: =IF(R3="","",ROUND(R3,1)) -> 8.1 | AE3: =IF(OR($C$25="",X3="",Y3="",Z3="",AC3=""),"",ROUND($C$25*X3*Y3*Z3*AC3,0)) -> 747 | AF3: =IF(OR(AE3="",C3=""),"",AE3-C3) -> 0
A4: 레어 III | B4: 910 | C4: 775 | D4: =$D$25+W4-$W$25 -> 6306 | E4: 유니크 | F4: 레어 | G4: 레어 | H4: 레어 | I4: 레어 | J4: 레어 | K4: 레어 | L4: 레어 | M4: 레어 | N4: 레어 | O4: 레어 | P4: 0 | Q4: =IF(OR(R4="",R3=""),"",((1+R4/100)/(1+R3/100)-1)*100) -> 3.7483266 | R4: =IF(OR(AC4="",$AC$2="",$R$25=""),"",(AC4/$AC$2*(1+$R$25/100)-1)*100) -> 12.100139 | S4: =(1+IFERROR(VLOOKUP(E4,'장비 등급별 옵션'!$A$2:$D$6,3,FALSE),0)/100)*(1+IFERROR(VLOOKUP(F4,'장비 등급별 옵션'!$A$9:$D$13,3,FALSE),0)/100)*(1+IFERROR(VLOOKUP(G4,'장비 등급별 옵션'!$A$16:$D$20,3,FALSE),0)/100)*(1+IFERROR(VLOOKUP(H4,'장비 등급별 옵션'!$A$23:$D$27,3,FALSE),0)/100)*(1+IFERROR(VLOOKUP(I4,'장비 등급별 옵션'!$A$30:$D$34,3,FALSE),0)/100)*(1+IFERROR(VLOOKUP(J4,'장비 등급별 옵션'!$J$2:$N$6,3,FALSE),0)/100)*(1+IFERROR(VLOOKUP(K4,'장비 등급별 옵션'!$J$9:$N$13,3,FALSE),0)/100)*(1+IFERROR(VLOOKUP(L4,'장비 등급별 옵션'!$J$16:$N$20,3,FALSE),0)/100)*(1+IFERROR(VLOOKUP(M4,'장비 등급별 옵션'!$J$23:$N$27,3,FALSE),0)/100)*(1+IFERROR(VLOOKUP(N4,'장비 등급별 옵션'!$J$30:$N$34,3,FALSE),0)/100)*(1+IFERROR(VLOOKUP(O4,'장비 등급별 옵션'!$J$37:$N$40,3,FALSE),0)/100) -> 68.080797 | T4: =IFERROR(VLOOKUP(E4,'장비 등급별 옵션'!$A$2:$D$6,2,FALSE),0)+IFERROR(VLOOKUP(F4,'장비 등급별 옵션'!$A$9:$D$13,2,FALSE),0)+IFERROR(VLOOKUP(G4,'장비 등급별 옵션'!$A$16:$D$20,2,FALSE),0)+IFERROR(VLOOKUP(H4,'장비 등급별 옵션'!$A$23:$D$27,2,FALSE),0)+IFERROR(VLOOKUP(I4,'장비 등급별 옵션'!$A$30:$D$34,2,FALSE),0)+IFERROR(VLOOKUP(J4,'장비 등급별 옵션'!$J$2:$N$6,2,FALSE),0)+IFERROR(VLOOKUP(K4,'장비 등급별 옵션'!$J$9:$N$13,2,FALSE),0)+IFERROR(VLOOKUP(L4,'장비 등급별 옵션'!$J$16:$N$20,2,FALSE),0)+IFERROR(VLOOKUP(M4,'장비 등급별 옵션'!$J$23:$N$27,2,FALSE),0)+IFERROR(VLOOKUP(N4,'장비 등급별 옵션'!$J$30:$N$34,2,FALSE),0)+IFERROR(VLOOKUP(O4,'장비 등급별 옵션'!$J$37:$N$40,2,FALSE),0) -> 24189 | U4: =IFERROR(VLOOKUP(E4,'장비 등급별 옵션'!$A$2:$D$6,4,FALSE),0)+IFERROR(VLOOKUP(F4,'장비 등급별 옵션'!$A$9:$D$13,4,FALSE),0)+IFERROR(VLOOKUP(G4,'장비 등급별 옵션'!$A$16:$D$20,4,FALSE),0)+IFERROR(VLOOKUP(H4,'장비 등급별 옵션'!$A$23:$D$27,4,FALSE),0)+IFERROR(VLOOKUP(I4,'장비 등급별 옵션'!$A$30:$D$34,4,FALSE),0)+IFERROR(VLOOKUP(J4,'장비 등급별 옵션'!$J$2:$N$6,4,FALSE),0)+IFERROR(VLOOKUP(K4,'장비 등급별 옵션'!$J$9:$N$13,4,FALSE),0)+IFERROR(VLOOKUP(L4,'장비 등급별 옵션'!$J$16:$N$20,4,FALSE),0)+IFERROR(VLOOKUP(M4,'장비 등급별 옵션'!$J$23:$N$27,4,FALSE),0)+IFERROR(VLOOKUP(N4,'장비 등급별 옵션'!$J$30:$N$34,4,FALSE),0)+IFERROR(VLOOKUP(O4,'장비 등급별 옵션'!$J$37:$N$40,4,FALSE),0) -> 130 | V4: =IFERROR(VLOOKUP(E4,'장비 등급별 옵션'!$A$2:$D$6,5,FALSE),0)+IFERROR(VLOOKUP(F4,'장비 등급별 옵션'!$A$9:$D$13,5,FALSE),0)+IFERROR(VLOOKUP(G4,'장비 등급별 옵션'!$A$16:$D$20,5,FALSE),0)+IFERROR(VLOOKUP(H4,'장비 등급별 옵션'!$A$23:$D$27,5,FALSE),0)+IFERROR(VLOOKUP(I4,'장비 등급별 옵션'!$A$30:$D$34,5,FALSE),0)+IFERROR(VLOOKUP(J4,'장비 등급별 옵션'!$J$2:$N$6,5,FALSE),0)+IFERROR(VLOOKUP(K4,'장비 등급별 옵션'!$J$9:$N$13,5,FALSE),0)+IFERROR(VLOOKUP(L4,'장비 등급별 옵션'!$J$16:$N$20,5,FALSE),0)+IFERROR(VLOOKUP(M4,'장비 등급별 옵션'!$J$23:$N$27,5,FALSE),0)+IFERROR(VLOOKUP(N4,'장비 등급별 옵션'!$J$30:$N$34,5,FALSE),0)+IFERROR(VLOOKUP(O4,'장비 등급별 옵션'!$J$37:$N$40,5,FALSE),0) -> 15 | W4: =IFERROR(VLOOKUP(E4,'장비 등급별 옵션'!$A$2:$H$6,5,FALSE),0)+IFERROR(VLOOKUP(F4,'장비 등급별 옵션'!$A$9:$H$13,5,FALSE),0)+IFERROR(VLOOKUP(G4,'장비 등급별 옵션'!$A$16:$H$20,5,FALSE),0)+IFERROR(VLOOKUP(H4,'장비 등급별 옵션'!$A$23:$H$27,5,FALSE),0)+IFERROR(VLOOKUP(I4,'장비 등급별 옵션'!$A$30:$H$34,5,FALSE),0)+IFERROR(VLOOKUP(J4,'장비 등급별 옵션'!$J$2:$R$6,6,FALSE),0)+IFERROR(VLOOKUP(K4,'장비 등급별 옵션'!$J$9:$R$13,6,FALSE),0)+IFERROR(VLOOKUP(L4,'장비 등급별 옵션'!$J$16:$R$20,6,FALSE),0)+IFERROR(VLOOKUP(M4,'장비 등급별 옵션'!$J$23:$R$27,6,FALSE),0)+IFERROR(VLOOKUP(N4,'장비 등급별 옵션'!$J$30:$R$34,6,FALSE),0)+IFERROR(VLOOKUP(O4,'장비 등급별 옵션'!$J$37:$R$40,6,FALSE),0) -> 1572 | X4: =(S4*((1.05+U4*0.0045)/1.05))/($S$25*((1.05+$U$25*0.0045)/1.05)) -> 0.50984421 | Y4: =IF($C$27="","",(1+($C$27+T4-$T$25+P4-$P$25)/100)/(1+$C$27/100)) -> 0.68264423 | Z4: =IF(OR(D4="",$D$25="",$Q$25=""),"",(1+(D4+168350+297900+TRUNC(3.08*(D4-$Q$25)+2886))/250)/(1+($D$25+168350+297900+TRUNC(3.08*($D$25-$Q$25)+2886))/250)) -> 0.99878576 | AA4: =IF(OR(C4="",X4="",Y4="",Z4=""),"",C4/X4/Y4/Z4) -> 2229.4485 | AB4: =IF(OR(C4="",$C$25=""),"",C4/$C$25) -> 0.056747456 | AC4: =IF(OR(AB4="",X4="",Y4="",Z4=""),"",AB4/X4/Y4/Z4) -> 0.16324584 | AD4: =IF(R4="","",ROUND(R4,1)) -> 12.1 | AE4: =IF(OR($C$25="",X4="",Y4="",Z4="",AC4=""),"",ROUND($C$25*X4*Y4*Z4*AC4,0)) -> 775 | AF4: =IF(OR(AE4="",C4=""),"",AE4-C4) -> 0
A5: 레어 IV | B5: 990 | C5: 802 | D5: =$D$25+W5-$W$25 -> 6306 | E5: 유니크 | F5: 레어 | G5: 레어 | H5: 레어 | I5: 레어 | J5: 레어 | K5: 레어 | L5: 레어 | M5: 레어 | N5: 레어 | O5: 레어 | P5: 0 | Q5: =IF(OR(R5="",R4=""),"",((1+R5/100)/(1+R4/100)-1)*100) -> 3.483871 | R5: =IF(OR(AC5="",$AC$2="",$R$25=""),"",(AC5/$AC$2*(1+$R$25/100)-1)*100) -> 16.005563 | S5: =(1+IFERROR(VLOOKUP(E5,'장비 등급별 옵션'!$A$2:$D$6,3,FALSE),0)/100)*(1+IFERROR(VLOOKUP(F5,'장비 등급별 옵션'!$A$9:$D$13,3,FALSE),0)/100)*(1+IFERROR(VLOOKUP(G5,'장비 등급별 옵션'!$A$16:$D$20,3,FALSE),0)/100)*(1+IFERROR(VLOOKUP(H5,'장비 등급별 옵션'!$A$23:$D$27,3,FALSE),0)/100)*(1+IFERROR(VLOOKUP(I5,'장비 등급별 옵션'!$A$30:$D$34,3,FALSE),0)/100)*(1+IFERROR(VLOOKUP(J5,'장비 등급별 옵션'!$J$2:$N$6,3,FALSE),0)/100)*(1+IFERROR(VLOOKUP(K5,'장비 등급별 옵션'!$J$9:$N$13,3,FALSE),0)/100)*(1+IFERROR(VLOOKUP(L5,'장비 등급별 옵션'!$J$16:$N$20,3,FALSE),0)/100)*(1+IFERROR(VLOOKUP(M5,'장비 등급별 옵션'!$J$23:$N$27,3,FALSE),0)/100)*(1+IFERROR(VLOOKUP(N5,'장비 등급별 옵션'!$J$30:$N$34,3,FALSE),0)/100)*(1+IFERROR(VLOOKUP(O5,'장비 등급별 옵션'!$J$37:$N$40,3,FALSE),0)/100) -> 68.080797 | T5: =IFERROR(VLOOKUP(E5,'장비 등급별 옵션'!$A$2:$D$6,2,FALSE),0)+IFERROR(VLOOKUP(F5,'장비 등급별 옵션'!$A$9:$D$13,2,FALSE),0)+IFERROR(VLOOKUP(G5,'장비 등급별 옵션'!$A$16:$D$20,2,FALSE),0)+IFERROR(VLOOKUP(H5,'장비 등급별 옵션'!$A$23:$D$27,2,FALSE),0)+IFERROR(VLOOKUP(I5,'장비 등급별 옵션'!$A$30:$D$34,2,FALSE),0)+IFERROR(VLOOKUP(J5,'장비 등급별 옵션'!$J$2:$N$6,2,FALSE),0)+IFERROR(VLOOKUP(K5,'장비 등급별 옵션'!$J$9:$N$13,2,FALSE),0)+IFERROR(VLOOKUP(L5,'장비 등급별 옵션'!$J$16:$N$20,2,FALSE),0)+IFERROR(VLOOKUP(M5,'장비 등급별 옵션'!$J$23:$N$27,2,FALSE),0)+IFERROR(VLOOKUP(N5,'장비 등급별 옵션'!$J$30:$N$34,2,FALSE),0)+IFERROR(VLOOKUP(O5,'장비 등급별 옵션'!$J$37:$N$40,2,FALSE),0) -> 24189 | U5: =IFERROR(VLOOKUP(E5,'장비 등급별 옵션'!$A$2:$D$6,4,FALSE),0)+IFERROR(VLOOKUP(F5,'장비 등급별 옵션'!$A$9:$D$13,4,FALSE),0)+IFERROR(VLOOKUP(G5,'장비 등급별 옵션'!$A$16:$D$20,4,FALSE),0)+IFERROR(VLOOKUP(H5,'장비 등급별 옵션'!$A$23:$D$27,4,FALSE),0)+IFERROR(VLOOKUP(I5,'장비 등급별 옵션'!$A$30:$D$34,4,FALSE),0)+IFERROR(VLOOKUP(J5,'장비 등급별 옵션'!$J$2:$N$6,4,FALSE),0)+IFERROR(VLOOKUP(K5,'장비 등급별 옵션'!$J$9:$N$13,4,FALSE),0)+IFERROR(VLOOKUP(L5,'장비 등급별 옵션'!$J$16:$N$20,4,FALSE),0)+IFERROR(VLOOKUP(M5,'장비 등급별 옵션'!$J$23:$N$27,4,FALSE),0)+IFERROR(VLOOKUP(N5,'장비 등급별 옵션'!$J$30:$N$34,4,FALSE),0)+IFERROR(VLOOKUP(O5,'장비 등급별 옵션'!$J$37:$N$40,4,FALSE),0) -> 130 | V5: =IFERROR(VLOOKUP(E5,'장비 등급별 옵션'!$A$2:$D$6,5,FALSE),0)+IFERROR(VLOOKUP(F5,'장비 등급별 옵션'!$A$9:$D$13,5,FALSE),0)+IFERROR(VLOOKUP(G5,'장비 등급별 옵션'!$A$16:$D$20,5,FALSE),0)+IFERROR(VLOOKUP(H5,'장비 등급별 옵션'!$A$23:$D$27,5,FALSE),0)+IFERROR(VLOOKUP(I5,'장비 등급별 옵션'!$A$30:$D$34,5,FALSE),0)+IFERROR(VLOOKUP(J5,'장비 등급별 옵션'!$J$2:$N$6,5,FALSE),0)+IFERROR(VLOOKUP(K5,'장비 등급별 옵션'!$J$9:$N$13,5,FALSE),0)+IFERROR(VLOOKUP(L5,'장비 등급별 옵션'!$J$16:$N$20,5,FALSE),0)+IFERROR(VLOOKUP(M5,'장비 등급별 옵션'!$J$23:$N$27,5,FALSE),0)+IFERROR(VLOOKUP(N5,'장비 등급별 옵션'!$J$30:$N$34,5,FALSE),0)+IFERROR(VLOOKUP(O5,'장비 등급별 옵션'!$J$37:$N$40,5,FALSE),0) -> 15 | W5: =IFERROR(VLOOKUP(E5,'장비 등급별 옵션'!$A$2:$H$6,5,FALSE),0)+IFERROR(VLOOKUP(F5,'장비 등급별 옵션'!$A$9:$H$13,5,FALSE),0)+IFERROR(VLOOKUP(G5,'장비 등급별 옵션'!$A$16:$H$20,5,FALSE),0)+IFERROR(VLOOKUP(H5,'장비 등급별 옵션'!$A$23:$H$27,5,FALSE),0)+IFERROR(VLOOKUP(I5,'장비 등급별 옵션'!$A$30:$H$34,5,FALSE),0)+IFERROR(VLOOKUP(J5,'장비 등급별 옵션'!$J$2:$R$6,6,FALSE),0)+IFERROR(VLOOKUP(K5,'장비 등급별 옵션'!$J$9:$R$13,6,FALSE),0)+IFERROR(VLOOKUP(L5,'장비 등급별 옵션'!$J$16:$R$20,6,FALSE),0)+IFERROR(VLOOKUP(M5,'장비 등급별 옵션'!$J$23:$R$27,6,FALSE),0)+IFERROR(VLOOKUP(N5,'장비 등급별 옵션'!$J$30:$R$34,6,FALSE),0)+IFERROR(VLOOKUP(O5,'장비 등급별 옵션'!$J$37:$R$40,6,FALSE),0) -> 1572 | X5: =(S5*((1.05+U5*0.0045)/1.05))/($S$25*((1.05+$U$25*0.0045)/1.05)) -> 0.50984421 | Y5: =IF($C$27="","",(1+($C$27+T5-$T$25+P5-$P$25)/100)/(1+$C$27/100)) -> 0.68264423 | Z5: =IF(OR(D5="",$D$25="",$Q$25=""),"",(1+(D5+168350+297900+TRUNC(3.08*(D5-$Q$25)+2886))/250)/(1+($D$25+168350+297900+TRUNC(3.08*($D$25-$Q$25)+2886))/250)) -> 0.99878576 | AA5: =IF(OR(C5="",X5="",Y5="",Z5=""),"",C5/X5/Y5/Z5) -> 2307.1196 | AB5: =IF(OR(C5="",$C$25=""),"",C5/$C$25) -> 0.058724464 | AC5: =IF(OR(AB5="",X5="",Y5="",Z5=""),"",AB5/X5/Y5/Z5) -> 0.16893312 | AD5: =IF(R5="","",ROUND(R5,1)) -> 16 | AE5: =IF(OR($C$25="",X5="",Y5="",Z5="",AC5=""),"",ROUND($C$25*X5*Y5*Z5*AC5,0)) -> 802 | AF5: =IF(OR(AE5="",C5=""),"",AE5-C5) -> 0
A6: 레어 V | B6: 1070 | C6: 830 | D6: =$D$25+W6-$W$25 -> 6306 | E6: 유니크 | F6: 레어 | G6: 레어 | H6: 레어 | I6: 레어 | J6: 레어 | K6: 레어 | L6: 레어 | M6: 레어 | N6: 레어 | O6: 레어 | P6: 0 | Q6: =IF(OR(R6="",R5=""),"",((1+R6/100)/(1+R5/100)-1)*100) -> 3.4912718 | R6: =IF(OR(AC6="",$AC$2="",$R$25=""),"",(AC6/$AC$2*(1+$R$25/100)-1)*100) -> 20.055633 | S6: =(1+IFERROR(VLOOKUP(E6,'장비 등급별 옵션'!$A$2:$D$6,3,FALSE),0)/100)*(1+IFERROR(VLOOKUP(F6,'장비 등급별 옵션'!$A$9:$D$13,3,FALSE),0)/100)*(1+IFERROR(VLOOKUP(G6,'장비 등급별 옵션'!$A$16:$D$20,3,FALSE),0)/100)*(1+IFERROR(VLOOKUP(H6,'장비 등급별 옵션'!$A$23:$D$27,3,FALSE),0)/100)*(1+IFERROR(VLOOKUP(I6,'장비 등급별 옵션'!$A$30:$D$34,3,FALSE),0)/100)*(1+IFERROR(VLOOKUP(J6,'장비 등급별 옵션'!$J$2:$N$6,3,FALSE),0)/100)*(1+IFERROR(VLOOKUP(K6,'장비 등급별 옵션'!$J$9:$N$13,3,FALSE),0)/100)*(1+IFERROR(VLOOKUP(L6,'장비 등급별 옵션'!$J$16:$N$20,3,FALSE),0)/100)*(1+IFERROR(VLOOKUP(M6,'장비 등급별 옵션'!$J$23:$N$27,3,FALSE),0)/100)*(1+IFERROR(VLOOKUP(N6,'장비 등급별 옵션'!$J$30:$N$34,3,FALSE),0)/100)*(1+IFERROR(VLOOKUP(O6,'장비 등급별 옵션'!$J$37:$N$40,3,FALSE),0)/100) -> 68.080797 | T6: =IFERROR(VLOOKUP(E6,'장비 등급별 옵션'!$A$2:$D$6,2,FALSE),0)+IFERROR(VLOOKUP(F6,'장비 등급별 옵션'!$A$9:$D$13,2,FALSE),0)+IFERROR(VLOOKUP(G6,'장비 등급별 옵션'!$A$16:$D$20,2,FALSE),0)+IFERROR(VLOOKUP(H6,'장비 등급별 옵션'!$A$23:$D$27,2,FALSE),0)+IFERROR(VLOOKUP(I6,'장비 등급별 옵션'!$A$30:$D$34,2,FALSE),0)+IFERROR(VLOOKUP(J6,'장비 등급별 옵션'!$J$2:$N$6,2,FALSE),0)+IFERROR(VLOOKUP(K6,'장비 등급별 옵션'!$J$9:$N$13,2,FALSE),0)+IFERROR(VLOOKUP(L6,'장비 등급별 옵션'!$J$16:$N$20,2,FALSE),0)+IFERROR(VLOOKUP(M6,'장비 등급별 옵션'!$J$23:$N$27,2,FALSE),0)+IFERROR(VLOOKUP(N6,'장비 등급별 옵션'!$J$30:$N$34,2,FALSE),0)+IFERROR(VLOOKUP(O6,'장비 등급별 옵션'!$J$37:$N$40,2,FALSE),0) -> 24189 | U6: =IFERROR(VLOOKUP(E6,'장비 등급별 옵션'!$A$2:$D$6,4,FALSE),0)+IFERROR(VLOOKUP(F6,'장비 등급별 옵션'!$A$9:$D$13,4,FALSE),0)+IFERROR(VLOOKUP(G6,'장비 등급별 옵션'!$A$16:$D$20,4,FALSE),0)+IFERROR(VLOOKUP(H6,'장비 등급별 옵션'!$A$23:$D$27,4,FALSE),0)+IFERROR(VLOOKUP(I6,'장비 등급별 옵션'!$A$30:$D$34,4,FALSE),0)+IFERROR(VLOOKUP(J6,'장비 등급별 옵션'!$J$2:$N$6,4,FALSE),0)+IFERROR(VLOOKUP(K6,'장비 등급별 옵션'!$J$9:$N$13,4,FALSE),0)+IFERROR(VLOOKUP(L6,'장비 등급별 옵션'!$J$16:$N$20,4,FALSE),0)+IFERROR(VLOOKUP(M6,'장비 등급별 옵션'!$J$23:$N$27,4,FALSE),0)+IFERROR(VLOOKUP(N6,'장비 등급별 옵션'!$J$30:$N$34,4,FALSE),0)+IFERROR(VLOOKUP(O6,'장비 등급별 옵션'!$J$37:$N$40,4,FALSE),0) -> 130 | V6: =IFERROR(VLOOKUP(E6,'장비 등급별 옵션'!$A$2:$D$6,5,FALSE),0)+IFERROR(VLOOKUP(F6,'장비 등급별 옵션'!$A$9:$D$13,5,FALSE),0)+IFERROR(VLOOKUP(G6,'장비 등급별 옵션'!$A$16:$D$20,5,FALSE),0)+IFERROR(VLOOKUP(H6,'장비 등급별 옵션'!$A$23:$D$27,5,FALSE),0)+IFERROR(VLOOKUP(I6,'장비 등급별 옵션'!$A$30:$D$34,5,FALSE),0)+IFERROR(VLOOKUP(J6,'장비 등급별 옵션'!$J$2:$N$6,5,FALSE),0)+IFERROR(VLOOKUP(K6,'장비 등급별 옵션'!$J$9:$N$13,5,FALSE),0)+IFERROR(VLOOKUP(L6,'장비 등급별 옵션'!$J$16:$N$20,5,FALSE),0)+IFERROR(VLOOKUP(M6,'장비 등급별 옵션'!$J$23:$N$27,5,FALSE),0)+IFERROR(VLOOKUP(N6,'장비 등급별 옵션'!$J$30:$N$34,5,FALSE),0)+IFERROR(VLOOKUP(O6,'장비 등급별 옵션'!$J$37:$N$40,5,FALSE),0) -> 15 | W6: =IFERROR(VLOOKUP(E6,'장비 등급별 옵션'!$A$2:$H$6,5,FALSE),0)+IFERROR(VLOOKUP(F6,'장비 등급별 옵션'!$A$9:$H$13,5,FALSE),0)+IFERROR(VLOOKUP(G6,'장비 등급별 옵션'!$A$16:$H$20,5,FALSE),0)+IFERROR(VLOOKUP(H6,'장비 등급별 옵션'!$A$23:$H$27,5,FALSE),0)+IFERROR(VLOOKUP(I6,'장비 등급별 옵션'!$A$30:$H$34,5,FALSE),0)+IFERROR(VLOOKUP(J6,'장비 등급별 옵션'!$J$2:$R$6,6,FALSE),0)+IFERROR(VLOOKUP(K6,'장비 등급별 옵션'!$J$9:$R$13,6,FALSE),0)+IFERROR(VLOOKUP(L6,'장비 등급별 옵션'!$J$16:$R$20,6,FALSE),0)+IFERROR(VLOOKUP(M6,'장비 등급별 옵션'!$J$23:$R$27,6,FALSE),0)+IFERROR(VLOOKUP(N6,'장비 등급별 옵션'!$J$30:$R$34,6,FALSE),0)+IFERROR(VLOOKUP(O6,'장비 등급별 옵션'!$J$37:$R$40,6,FALSE),0) -> 1572 | X6: =(S6*((1.05+U6*0.0045)/1.05))/($S$25*((1.05+$U$25*0.0045)/1.05)) -> 0.50984421 | Y6: =IF($C$27="","",(1+($C$27+T6-$T$25+P6-$P$25)/100)/(1+$C$27/100)) -> 0.68264423 | Z6: =IF(OR(D6="",$D$25="",$Q$25=""),"",(1+(D6+168350+297900+TRUNC(3.08*(D6-$Q$25)+2886))/250)/(1+($D$25+168350+297900+TRUNC(3.08*($D$25-$Q$25)+2886))/250)) -> 0.99878576 | AA6: =IF(OR(C6="",X6="",Y6="",Z6=""),"",C6/X6/Y6/Z6) -> 2387.6674 | AB6: =IF(OR(C6="",$C$25=""),"",C6/$C$25) -> 0.060774694 | AC6: =IF(OR(AB6="",X6="",Y6="",Z6=""),"",AB6/X6/Y6/Z6) -> 0.17483103 | AD6: =IF(R6="","",ROUND(R6,1)) -> 20.1 | AE6: =IF(OR($C$25="",X6="",Y6="",Z6="",AC6=""),"",ROUND($C$25*X6*Y6*Z6*AC6,0)) -> 830 | AF6: =IF(OR(AE6="",C6=""),"",AE6-C6) -> 0
A7: 유니크 I | B7: 1200 | C7: 1472 | D7: =$D$25+W7-$W$25 -> 6322 | E7: 유니크 | F7: 유니크 | G7: 유니크 | H7: 유니크 | I7: 유니크 | J7: 유니크 | K7: 유니크 | L7: 유니크 | M7: 유니크 | N7: 유니크 | O7: 레어 | P7: 0 | Q7: =IF(OR(R7="",R6=""),"",((1+R7/100)/(1+R6/100)-1)*100) -> 23.480211 | R7: =IF(OR(AC7="",$AC$2="",$R$25=""),"",(AC7/$AC$2*(1+$R$25/100)-1)*100) -> 48.244949 | S7: =(1+IFERROR(VLOOKUP(E7,'장비 등급별 옵션'!$A$2:$D$6,3,FALSE),0)/100)*(1+IFERROR(VLOOKUP(F7,'장비 등급별 옵션'!$A$9:$D$13,3,FALSE),0)/100)*(1+IFERROR(VLOOKUP(G7,'장비 등급별 옵션'!$A$16:$D$20,3,FALSE),0)/100)*(1+IFERROR(VLOOKUP(H7,'장비 등급별 옵션'!$A$23:$D$27,3,FALSE),0)/100)*(1+IFERROR(VLOOKUP(I7,'장비 등급별 옵션'!$A$30:$D$34,3,FALSE),0)/100)*(1+IFERROR(VLOOKUP(J7,'장비 등급별 옵션'!$J$2:$N$6,3,FALSE),0)/100)*(1+IFERROR(VLOOKUP(K7,'장비 등급별 옵션'!$J$9:$N$13,3,FALSE),0)/100)*(1+IFERROR(VLOOKUP(L7,'장비 등급별 옵션'!$J$16:$N$20,3,FALSE),0)/100)*(1+IFERROR(VLOOKUP(M7,'장비 등급별 옵션'!$J$23:$N$27,3,FALSE),0)/100)*(1+IFERROR(VLOOKUP(N7,'장비 등급별 옵션'!$J$30:$N$34,3,FALSE),0)/100)*(1+IFERROR(VLOOKUP(O7,'장비 등급별 옵션'!$J$37:$N$40,3,FALSE),0)/100) -> 81.362854 | T7: =IFERROR(VLOOKUP(E7,'장비 등급별 옵션'!$A$2:$D$6,2,FALSE),0)+IFERROR(VLOOKUP(F7,'장비 등급별 옵션'!$A$9:$D$13,2,FALSE),0)+IFERROR(VLOOKUP(G7,'장비 등급별 옵션'!$A$16:$D$20,2,FALSE),0)+IFERROR(VLOOKUP(H7,'장비 등급별 옵션'!$A$23:$D$27,2,FALSE),0)+IFERROR(VLOOKUP(I7,'장비 등급별 옵션'!$A$30:$D$34,2,FALSE),0)+IFERROR(VLOOKUP(J7,'장비 등급별 옵션'!$J$2:$N$6,2,FALSE),0)+IFERROR(VLOOKUP(K7,'장비 등급별 옵션'!$J$9:$N$13,2,FALSE),0)+IFERROR(VLOOKUP(L7,'장비 등급별 옵션'!$J$16:$N$20,2,FALSE),0)+IFERROR(VLOOKUP(M7,'장비 등급별 옵션'!$J$23:$N$27,2,FALSE),0)+IFERROR(VLOOKUP(N7,'장비 등급별 옵션'!$J$30:$N$34,2,FALSE),0)+IFERROR(VLOOKUP(O7,'장비 등급별 옵션'!$J$37:$N$40,2,FALSE),0) -> 33990 | U7: =IFERROR(VLOOKUP(E7,'장비 등급별 옵션'!$A$2:$D$6,4,FALSE),0)+IFERROR(VLOOKUP(F7,'장비 등급별 옵션'!$A$9:$D$13,4,FALSE),0)+IFERROR(VLOOKUP(G7,'장비 등급별 옵션'!$A$16:$D$20,4,FALSE),0)+IFERROR(VLOOKUP(H7,'장비 등급별 옵션'!$A$23:$D$27,4,FALSE),0)+IFERROR(VLOOKUP(I7,'장비 등급별 옵션'!$A$30:$D$34,4,FALSE),0)+IFERROR(VLOOKUP(J7,'장비 등급별 옵션'!$J$2:$N$6,4,FALSE),0)+IFERROR(VLOOKUP(K7,'장비 등급별 옵션'!$J$9:$N$13,4,FALSE),0)+IFERROR(VLOOKUP(L7,'장비 등급별 옵션'!$J$16:$N$20,4,FALSE),0)+IFERROR(VLOOKUP(M7,'장비 등급별 옵션'!$J$23:$N$27,4,FALSE),0)+IFERROR(VLOOKUP(N7,'장비 등급별 옵션'!$J$30:$N$34,4,FALSE),0)+IFERROR(VLOOKUP(O7,'장비 등급별 옵션'!$J$37:$N$40,4,FALSE),0) -> 130 | V7: =IFERROR(VLOOKUP(E7,'장비 등급별 옵션'!$A$2:$D$6,5,FALSE),0)+IFERROR(VLOOKUP(F7,'장비 등급별 옵션'!$A$9:$D$13,5,FALSE),0)+IFERROR(VLOOKUP(G7,'장비 등급별 옵션'!$A$16:$D$20,5,FALSE),0)+IFERROR(VLOOKUP(H7,'장비 등급별 옵션'!$A$23:$D$27,5,FALSE),0)+IFERROR(VLOOKUP(I7,'장비 등급별 옵션'!$A$30:$D$34,5,FALSE),0)+IFERROR(VLOOKUP(J7,'장비 등급별 옵션'!$J$2:$N$6,5,FALSE),0)+IFERROR(VLOOKUP(K7,'장비 등급별 옵션'!$J$9:$N$13,5,FALSE),0)+IFERROR(VLOOKUP(L7,'장비 등급별 옵션'!$J$16:$N$20,5,FALSE),0)+IFERROR(VLOOKUP(M7,'장비 등급별 옵션'!$J$23:$N$27,5,FALSE),0)+IFERROR(VLOOKUP(N7,'장비 등급별 옵션'!$J$30:$N$34,5,FALSE),0)+IFERROR(VLOOKUP(O7,'장비 등급별 옵션'!$J$37:$N$40,5,FALSE),0) -> 15 | W7: =IFERROR(VLOOKUP(E7,'장비 등급별 옵션'!$A$2:$H$6,5,FALSE),0)+IFERROR(VLOOKUP(F7,'장비 등급별 옵션'!$A$9:$H$13,5,FALSE),0)+IFERROR(VLOOKUP(G7,'장비 등급별 옵션'!$A$16:$H$20,5,FALSE),0)+IFERROR(VLOOKUP(H7,'장비 등급별 옵션'!$A$23:$H$27,5,FALSE),0)+IFERROR(VLOOKUP(I7,'장비 등급별 옵션'!$A$30:$H$34,5,FALSE),0)+IFERROR(VLOOKUP(J7,'장비 등급별 옵션'!$J$2:$R$6,6,FALSE),0)+IFERROR(VLOOKUP(K7,'장비 등급별 옵션'!$J$9:$R$13,6,FALSE),0)+IFERROR(VLOOKUP(L7,'장비 등급별 옵션'!$J$16:$R$20,6,FALSE),0)+IFERROR(VLOOKUP(M7,'장비 등급별 옵션'!$J$23:$R$27,6,FALSE),0)+IFERROR(VLOOKUP(N7,'장비 등급별 옵션'!$J$30:$R$34,6,FALSE),0)+IFERROR(VLOOKUP(O7,'장비 등급별 옵션'!$J$37:$R$40,6,FALSE),0) -> 1588 | X7: =(S7*((1.05+U7*0.0045)/1.05))/($S$25*((1.05+$U$25*0.0045)/1.05)) -> 0.60931103 | Y7: =IF($C$27="","",(1+($C$27+T7-$T$25+P7-$P$25)/100)/(1+$C$27/100)) -> 0.82029099 | Z7: =IF(OR(D7="",$D$25="",$Q$25=""),"",(1+(D7+168350+297900+TRUNC(3.08*(D7-$Q$25)+2886))/250)/(1+($D$25+168350+297900+TRUNC(3.08*($D$25-$Q$25)+2886))/250)) -> 0.99891753 | AA7: =IF(OR(C7="",X7="",Y7="",Z7=""),"",C7/X7/Y7/Z7) -> 2948.2968 | AB7: =IF(OR(C7="",$C$25=""),"",C7/$C$25) -> 0.10778355 | AC7: =IF(OR(AB7="",X7="",Y7="",Z7=""),"",AB7/X7/Y7/Z7) -> 0.21588173 | AD7: =IF(R7="","",ROUND(R7,1)) -> 48.2 | AE7: =IF(OR($C$25="",X7="",Y7="",Z7="",AC7=""),"",ROUND($C$25*X7*Y7*Z7*AC7,0)) -> 1472 | AF7: =IF(OR(AE7="",C7=""),"",AE7-C7) -> 0
A8: 유니크 II | B8: 1285 | C8: 1781 | D8: =$D$25+W8-$W$25 -> 6326 | E8: 레전더리 | F8: 유니크 | G8: 유니크 | H8: 유니크 | I8: 유니크 | J8: 유니크 | K8: 유니크 | L8: 유니크 | M8: 유니크 | N8: 유니크 | O8: 유니크 | P8: 433 | Q8: =IF(OR(R8="",R7=""),"",((1+R8/100)/(1+R7/100)-1)*100) -> 6.7796794 | R8: =IF(OR(AC8="",$AC$2="",$R$25=""),"",(AC8/$AC$2*(1+$R$25/100)-1)*100) -> 58.295482 | S8: =(1+IFERROR(VLOOKUP(E8,'장비 등급별 옵션'!$A$2:$D$6,3,FALSE),0)/100)*(1+IFERROR(VLOOKUP(F8,'장비 등급별 옵션'!$A$9:$D$13,3,FALSE),0)/100)*(1+IFERROR(VLOOKUP(G8,'장비 등급별 옵션'!$A$16:$D$20,3,FALSE),0)/100)*(1+IFERROR(VLOOKUP(H8,'장비 등급별 옵션'!$A$23:$D$27,3,FALSE),0)/100)*(1+IFERROR(VLOOKUP(I8,'장비 등급별 옵션'!$A$30:$D$34,3,FALSE),0)/100)*(1+IFERROR(VLOOKUP(J8,'장비 등급별 옵션'!$J$2:$N$6,3,FALSE),0)/100)*(1+IFERROR(VLOOKUP(K8,'장비 등급별 옵션'!$J$9:$N$13,3,FALSE),0)/100)*(1+IFERROR(VLOOKUP(L8,'장비 등급별 옵션'!$J$16:$N$20,3,FALSE),0)/100)*(1+IFERROR(VLOOKUP(M8,'장비 등급별 옵션'!$J$23:$N$27,3,FALSE),0)/100)*(1+IFERROR(VLOOKUP(N8,'장비 등급별 옵션'!$J$30:$N$34,3,FALSE),0)/100)*(1+IFERROR(VLOOKUP(O8,'장비 등급별 옵션'!$J$37:$N$40,3,FALSE),0)/100) -> 89.847838 | T8: =IFERROR(VLOOKUP(E8,'장비 등급별 옵션'!$A$2:$D$6,2,FALSE),0)+IFERROR(VLOOKUP(F8,'장비 등급별 옵션'!$A$9:$D$13,2,FALSE),0)+IFERROR(VLOOKUP(G8,'장비 등급별 옵션'!$A$16:$D$20,2,FALSE),0)+IFERROR(VLOOKUP(H8,'장비 등급별 옵션'!$A$23:$D$27,2,FALSE),0)+IFERROR(VLOOKUP(I8,'장비 등급별 옵션'!$A$30:$D$34,2,FALSE),0)+IFERROR(VLOOKUP(J8,'장비 등급별 옵션'!$J$2:$N$6,2,FALSE),0)+IFERROR(VLOOKUP(K8,'장비 등급별 옵션'!$J$9:$N$13,2,FALSE),0)+IFERROR(VLOOKUP(L8,'장비 등급별 옵션'!$J$16:$N$20,2,FALSE),0)+IFERROR(VLOOKUP(M8,'장비 등급별 옵션'!$J$23:$N$27,2,FALSE),0)+IFERROR(VLOOKUP(N8,'장비 등급별 옵션'!$J$30:$N$34,2,FALSE),0)+IFERROR(VLOOKUP(O8,'장비 등급별 옵션'!$J$37:$N$40,2,FALSE),0) -> 35079 | U8: =IFERROR(VLOOKUP(E8,'장비 등급별 옵션'!$A$2:$D$6,4,FALSE),0)+IFERROR(VLOOKUP(F8,'장비 등급별 옵션'!$A$9:$D$13,4,FALSE),0)+IFERROR(VLOOKUP(G8,'장비 등급별 옵션'!$A$16:$D$20,4,FALSE),0)+IFERROR(VLOOKUP(H8,'장비 등급별 옵션'!$A$23:$D$27,4,FALSE),0)+IFERROR(VLOOKUP(I8,'장비 등급별 옵션'!$A$30:$D$34,4,FALSE),0)+IFERROR(VLOOKUP(J8,'장비 등급별 옵션'!$J$2:$N$6,4,FALSE),0)+IFERROR(VLOOKUP(K8,'장비 등급별 옵션'!$J$9:$N$13,4,FALSE),0)+IFERROR(VLOOKUP(L8,'장비 등급별 옵션'!$J$16:$N$20,4,FALSE),0)+IFERROR(VLOOKUP(M8,'장비 등급별 옵션'!$J$23:$N$27,4,FALSE),0)+IFERROR(VLOOKUP(N8,'장비 등급별 옵션'!$J$30:$N$34,4,FALSE),0)+IFERROR(VLOOKUP(O8,'장비 등급별 옵션'!$J$37:$N$40,4,FALSE),0) -> 130 | V8: =IFERROR(VLOOKUP(E8,'장비 등급별 옵션'!$A$2:$D$6,5,FALSE),0)+IFERROR(VLOOKUP(F8,'장비 등급별 옵션'!$A$9:$D$13,5,FALSE),0)+IFERROR(VLOOKUP(G8,'장비 등급별 옵션'!$A$16:$D$20,5,FALSE),0)+IFERROR(VLOOKUP(H8,'장비 등급별 옵션'!$A$23:$D$27,5,FALSE),0)+IFERROR(VLOOKUP(I8,'장비 등급별 옵션'!$A$30:$D$34,5,FALSE),0)+IFERROR(VLOOKUP(J8,'장비 등급별 옵션'!$J$2:$N$6,5,FALSE),0)+IFERROR(VLOOKUP(K8,'장비 등급별 옵션'!$J$9:$N$13,5,FALSE),0)+IFERROR(VLOOKUP(L8,'장비 등급별 옵션'!$J$16:$N$20,5,FALSE),0)+IFERROR(VLOOKUP(M8,'장비 등급별 옵션'!$J$23:$N$27,5,FALSE),0)+IFERROR(VLOOKUP(N8,'장비 등급별 옵션'!$J$30:$N$34,5,FALSE),0)+IFERROR(VLOOKUP(O8,'장비 등급별 옵션'!$J$37:$N$40,5,FALSE),0) -> 15 | W8: =IFERROR(VLOOKUP(E8,'장비 등급별 옵션'!$A$2:$H$6,5,FALSE),0)+IFERROR(VLOOKUP(F8,'장비 등급별 옵션'!$A$9:$H$13,5,FALSE),0)+IFERROR(VLOOKUP(G8,'장비 등급별 옵션'!$A$16:$H$20,5,FALSE),0)+IFERROR(VLOOKUP(H8,'장비 등급별 옵션'!$A$23:$H$27,5,FALSE),0)+IFERROR(VLOOKUP(I8,'장비 등급별 옵션'!$A$30:$H$34,5,FALSE),0)+IFERROR(VLOOKUP(J8,'장비 등급별 옵션'!$J$2:$R$6,6,FALSE),0)+IFERROR(VLOOKUP(K8,'장비 등급별 옵션'!$J$9:$R$13,6,FALSE),0)+IFERROR(VLOOKUP(L8,'장비 등급별 옵션'!$J$16:$R$20,6,FALSE),0)+IFERROR(VLOOKUP(M8,'장비 등급별 옵션'!$J$23:$R$27,6,FALSE),0)+IFERROR(VLOOKUP(N8,'장비 등급별 옵션'!$J$30:$R$34,6,FALSE),0)+IFERROR(VLOOKUP(O8,'장비 등급별 옵션'!$J$37:$R$40,6,FALSE),0) -> 1592 | X8: =(S8*((1.05+U8*0.0045)/1.05))/($S$25*((1.05+$U$25*0.0045)/1.05)) -> 0.67285346 | Y8: =IF($C$27="","",(1+($C$27+T8-$T$25+P8-$P$25)/100)/(1+$C$27/100)) -> 0.8416662 | Z8: =IF(OR(D8="",$D$25="",$Q$25=""),"",(1+(D8+168350+297900+TRUNC(3.08*(D8-$Q$25)+2886))/250)/(1+($D$25+168350+297900+TRUNC(3.08*($D$25-$Q$25)+2886))/250)) -> 0.99894996 | AA8: =IF(OR(C8="",X8="",Y8="",Z8=""),"",C8/X8/Y8/Z8) -> 3148.1818 | AB8: =IF(OR(C8="",$C$25=""),"",C8/$C$25) -> 0.13040931 | AC8: =IF(OR(AB8="",X8="",Y8="",Z8=""),"",AB8/X8/Y8/Z8) -> 0.23051782 | AD8: =IF(R8="","",ROUND(R8,1)) -> 58.3 | AE8: =IF(OR($C$25="",X8="",Y8="",Z8="",AC8=""),"",ROUND($C$25*X8*Y8*Z8*AC8,0)) -> 1781 | AF8: =IF(OR(AE8="",C8=""),"",AE8-C8) -> 0
A9: 유니크 III | B9: 1370 | C9: 2099 | D9: =$D$25+W9-$W$25 -> 6328 | E9: 레전더리 | F9: 레전더리 | G9: 레전더리 | H9: 유니크 | I9: 유니크 | J9: 유니크 | K9: 유니크 | L9: 유니크 | M9: 유니크 | N9: 유니크 | O9: 유니크 | P9: 1299 | Q9: =IF(OR(R9="",R8=""),"",((1+R9/100)/(1+R8/100)-1)*100) -> 13.822436 | R9: =IF(OR(AC9="",$AC$2="",$R$25=""),"",(AC9/$AC$2*(1+$R$25/100)-1)*100) -> 80.175773 | S9: =(1+IFERROR(VLOOKUP(E9,'장비 등급별 옵션'!$A$2:$D$6,3,FALSE),0)/100)*(1+IFERROR(VLOOKUP(F9,'장비 등급별 옵션'!$A$9:$D$13,3,FALSE),0)/100)*(1+IFERROR(VLOOKUP(G9,'장비 등급별 옵션'!$A$16:$D$20,3,FALSE),0)/100)*(1+IFERROR(VLOOKUP(H9,'장비 등급별 옵션'!$A$23:$D$27,3,FALSE),0)/100)*(1+IFERROR(VLOOKUP(I9,'장비 등급별 옵션'!$A$30:$D$34,3,FALSE),0)/100)*(1+IFERROR(VLOOKUP(J9,'장비 등급별 옵션'!$J$2:$N$6,3,FALSE),0)/100)*(1+IFERROR(VLOOKUP(K9,'장비 등급별 옵션'!$J$9:$N$13,3,FALSE),0)/100)*(1+IFERROR(VLOOKUP(L9,'장비 등급별 옵션'!$J$16:$N$20,3,FALSE),0)/100)*(1+IFERROR(VLOOKUP(M9,'장비 등급별 옵션'!$J$23:$N$27,3,FALSE),0)/100)*(1+IFERROR(VLOOKUP(N9,'장비 등급별 옵션'!$J$30:$N$34,3,FALSE),0)/100)*(1+IFERROR(VLOOKUP(O9,'장비 등급별 옵션'!$J$37:$N$40,3,FALSE),0)/100) -> 91.704468 | T9: =IFERROR(VLOOKUP(E9,'장비 등급별 옵션'!$A$2:$D$6,2,FALSE),0)+IFERROR(VLOOKUP(F9,'장비 등급별 옵션'!$A$9:$D$13,2,FALSE),0)+IFERROR(VLOOKUP(G9,'장비 등급별 옵션'!$A$16:$D$20,2,FALSE),0)+IFERROR(VLOOKUP(H9,'장비 등급별 옵션'!$A$23:$D$27,2,FALSE),0)+IFERROR(VLOOKUP(I9,'장비 등급별 옵션'!$A$30:$D$34,2,FALSE),0)+IFERROR(VLOOKUP(J9,'장비 등급별 옵션'!$J$2:$N$6,2,FALSE),0)+IFERROR(VLOOKUP(K9,'장비 등급별 옵션'!$J$9:$N$13,2,FALSE),0)+IFERROR(VLOOKUP(L9,'장비 등급별 옵션'!$J$16:$N$20,2,FALSE),0)+IFERROR(VLOOKUP(M9,'장비 등급별 옵션'!$J$23:$N$27,2,FALSE),0)+IFERROR(VLOOKUP(N9,'장비 등급별 옵션'!$J$30:$N$34,2,FALSE),0)+IFERROR(VLOOKUP(O9,'장비 등급별 옵션'!$J$37:$N$40,2,FALSE),0) -> 35079 | U9: =IFERROR(VLOOKUP(E9,'장비 등급별 옵션'!$A$2:$D$6,4,FALSE),0)+IFERROR(VLOOKUP(F9,'장비 등급별 옵션'!$A$9:$D$13,4,FALSE),0)+IFERROR(VLOOKUP(G9,'장비 등급별 옵션'!$A$16:$D$20,4,FALSE),0)+IFERROR(VLOOKUP(H9,'장비 등급별 옵션'!$A$23:$D$27,4,FALSE),0)+IFERROR(VLOOKUP(I9,'장비 등급별 옵션'!$A$30:$D$34,4,FALSE),0)+IFERROR(VLOOKUP(J9,'장비 등급별 옵션'!$J$2:$N$6,4,FALSE),0)+IFERROR(VLOOKUP(K9,'장비 등급별 옵션'!$J$9:$N$13,4,FALSE),0)+IFERROR(VLOOKUP(L9,'장비 등급별 옵션'!$J$16:$N$20,4,FALSE),0)+IFERROR(VLOOKUP(M9,'장비 등급별 옵션'!$J$23:$N$27,4,FALSE),0)+IFERROR(VLOOKUP(N9,'장비 등급별 옵션'!$J$30:$N$34,4,FALSE),0)+IFERROR(VLOOKUP(O9,'장비 등급별 옵션'!$J$37:$N$40,4,FALSE),0) -> 130 | V9: =IFERROR(VLOOKUP(E9,'장비 등급별 옵션'!$A$2:$D$6,5,FALSE),0)+IFERROR(VLOOKUP(F9,'장비 등급별 옵션'!$A$9:$D$13,5,FALSE),0)+IFERROR(VLOOKUP(G9,'장비 등급별 옵션'!$A$16:$D$20,5,FALSE),0)+IFERROR(VLOOKUP(H9,'장비 등급별 옵션'!$A$23:$D$27,5,FALSE),0)+IFERROR(VLOOKUP(I9,'장비 등급별 옵션'!$A$30:$D$34,5,FALSE),0)+IFERROR(VLOOKUP(J9,'장비 등급별 옵션'!$J$2:$N$6,5,FALSE),0)+IFERROR(VLOOKUP(K9,'장비 등급별 옵션'!$J$9:$N$13,5,FALSE),0)+IFERROR(VLOOKUP(L9,'장비 등급별 옵션'!$J$16:$N$20,5,FALSE),0)+IFERROR(VLOOKUP(M9,'장비 등급별 옵션'!$J$23:$N$27,5,FALSE),0)+IFERROR(VLOOKUP(N9,'장비 등급별 옵션'!$J$30:$N$34,5,FALSE),0)+IFERROR(VLOOKUP(O9,'장비 등급별 옵션'!$J$37:$N$40,5,FALSE),0) -> 15 | W9: =IFERROR(VLOOKUP(E9,'장비 등급별 옵션'!$A$2:$H$6,5,FALSE),0)+IFERROR(VLOOKUP(F9,'장비 등급별 옵션'!$A$9:$H$13,5,FALSE),0)+IFERROR(VLOOKUP(G9,'장비 등급별 옵션'!$A$16:$H$20,5,FALSE),0)+IFERROR(VLOOKUP(H9,'장비 등급별 옵션'!$A$23:$H$27,5,FALSE),0)+IFERROR(VLOOKUP(I9,'장비 등급별 옵션'!$A$30:$H$34,5,FALSE),0)+IFERROR(VLOOKUP(J9,'장비 등급별 옵션'!$J$2:$R$6,6,FALSE),0)+IFERROR(VLOOKUP(K9,'장비 등급별 옵션'!$J$9:$R$13,6,FALSE),0)+IFERROR(VLOOKUP(L9,'장비 등급별 옵션'!$J$16:$R$20,6,FALSE),0)+IFERROR(VLOOKUP(M9,'장비 등급별 옵션'!$J$23:$R$27,6,FALSE),0)+IFERROR(VLOOKUP(N9,'장비 등급별 옵션'!$J$30:$R$34,6,FALSE),0)+IFERROR(VLOOKUP(O9,'장비 등급별 옵션'!$J$37:$R$40,6,FALSE),0) -> 1594 | X9: =(S9*((1.05+U9*0.0045)/1.05))/($S$25*((1.05+$U$25*0.0045)/1.05)) -> 0.68675741 | Y9: =IF($C$27="","",(1+($C$27+T9-$T$25+P9-$P$25)/100)/(1+$C$27/100)) -> 0.85382844 | Z9: =IF(OR(D9="",$D$25="",$Q$25=""),"",(1+(D9+168350+297900+TRUNC(3.08*(D9-$Q$25)+2886))/250)/(1+($D$25+168350+297900+TRUNC(3.08*($D$25-$Q$25)+2886))/250)) -> 0.99896618 | AA9: =IF(OR(C9="",X9="",Y9="",Z9=""),"",C9/X9/Y9/Z9) -> 3583.3373 | AB9: =IF(OR(C9="",$C$25=""),"",C9/$C$25) -> 0.15369408 | AC9: =IF(OR(AB9="",X9="",Y9="",Z9=""),"",AB9/X9/Y9/Z9) -> 0.262381 | AD9: =IF(R9="","",ROUND(R9,1)) -> 80.2 | AE9: =IF(OR($C$25="",X9="",Y9="",Z9="",AC9=""),"",ROUND($C$25*X9*Y9*Z9*AC9,0)) -> 2099 | AF9: =IF(OR(AE9="",C9=""),"",AE9-C9) -> 0
A10: 유니크 IV | B10: 1455 | C10: 2382 | D10: =$D$25+W10-$W$25 -> 6329 | E10: 레전더리 | F10: 레전더리 | G10: 레전더리 | H10: 유니크 | I10: 레전더리 | J10: 유니크 | K10: 유니크 | L10: 유니크 | M10: 유니크 | N10: 유니크 | O10: 유니크 | P10: 1732 | Q10: =IF(OR(R10="",R9=""),"",((1+R10/100)/(1+R9/100)-1)*100) -> 11.512793 | R10: =IF(OR(AC10="",$AC$2="",$R$25=""),"",(AC10/$AC$2*(1+$R$25/100)-1)*100) -> 100.91904 | S10: =(1+IFERROR(VLOOKUP(E10,'장비 등급별 옵션'!$A$2:$D$6,3,FALSE),0)/100)*(1+IFERROR(VLOOKUP(F10,'장비 등급별 옵션'!$A$9:$D$13,3,FALSE),0)/100)*(1+IFERROR(VLOOKUP(G10,'장비 등급별 옵션'!$A$16:$D$20,3,FALSE),0)/100)*(1+IFERROR(VLOOKUP(H10,'장비 등급별 옵션'!$A$23:$D$27,3,FALSE),0)/100)*(1+IFERROR(VLOOKUP(I10,'장비 등급별 옵션'!$A$30:$D$34,3,FALSE),0)/100)*(1+IFERROR(VLOOKUP(J10,'장비 등급별 옵션'!$J$2:$N$6,3,FALSE),0)/100)*(1+IFERROR(VLOOKUP(K10,'장비 등급별 옵션'!$J$9:$N$13,3,FALSE),0)/100)*(1+IFERROR(VLOOKUP(L10,'장비 등급별 옵션'!$J$16:$N$20,3,FALSE),0)/100)*(1+IFERROR(VLOOKUP(M10,'장비 등급별 옵션'!$J$23:$N$27,3,FALSE),0)/100)*(1+IFERROR(VLOOKUP(N10,'장비 등급별 옵션'!$J$30:$N$34,3,FALSE),0)/100)*(1+IFERROR(VLOOKUP(O10,'장비 등급별 옵션'!$J$37:$N$40,3,FALSE),0)/100) -> 92.663469 | T10: =IFERROR(VLOOKUP(E10,'장비 등급별 옵션'!$A$2:$D$6,2,FALSE),0)+IFERROR(VLOOKUP(F10,'장비 등급별 옵션'!$A$9:$D$13,2,FALSE),0)+IFERROR(VLOOKUP(G10,'장비 등급별 옵션'!$A$16:$D$20,2,FALSE),0)+IFERROR(VLOOKUP(H10,'장비 등급별 옵션'!$A$23:$D$27,2,FALSE),0)+IFERROR(VLOOKUP(I10,'장비 등급별 옵션'!$A$30:$D$34,2,FALSE),0)+IFERROR(VLOOKUP(J10,'장비 등급별 옵션'!$J$2:$N$6,2,FALSE),0)+IFERROR(VLOOKUP(K10,'장비 등급별 옵션'!$J$9:$N$13,2,FALSE),0)+IFERROR(VLOOKUP(L10,'장비 등급별 옵션'!$J$16:$N$20,2,FALSE),0)+IFERROR(VLOOKUP(M10,'장비 등급별 옵션'!$J$23:$N$27,2,FALSE),0)+IFERROR(VLOOKUP(N10,'장비 등급별 옵션'!$J$30:$N$34,2,FALSE),0)+IFERROR(VLOOKUP(O10,'장비 등급별 옵션'!$J$37:$N$40,2,FALSE),0) -> 35079 | U10: =IFERROR(VLOOKUP(E10,'장비 등급별 옵션'!$A$2:$D$6,4,FALSE),0)+IFERROR(VLOOKUP(F10,'장비 등급별 옵션'!$A$9:$D$13,4,FALSE),0)+IFERROR(VLOOKUP(G10,'장비 등급별 옵션'!$A$16:$D$20,4,FALSE),0)+IFERROR(VLOOKUP(H10,'장비 등급별 옵션'!$A$23:$D$27,4,FALSE),0)+IFERROR(VLOOKUP(I10,'장비 등급별 옵션'!$A$30:$D$34,4,FALSE),0)+IFERROR(VLOOKUP(J10,'장비 등급별 옵션'!$J$2:$N$6,4,FALSE),0)+IFERROR(VLOOKUP(K10,'장비 등급별 옵션'!$J$9:$N$13,4,FALSE),0)+IFERROR(VLOOKUP(L10,'장비 등급별 옵션'!$J$16:$N$20,4,FALSE),0)+IFERROR(VLOOKUP(M10,'장비 등급별 옵션'!$J$23:$N$27,4,FALSE),0)+IFERROR(VLOOKUP(N10,'장비 등급별 옵션'!$J$30:$N$34,4,FALSE),0)+IFERROR(VLOOKUP(O10,'장비 등급별 옵션'!$J$37:$N$40,4,FALSE),0) -> 130 | V10: =IFERROR(VLOOKUP(E10,'장비 등급별 옵션'!$A$2:$D$6,5,FALSE),0)+IFERROR(VLOOKUP(F10,'장비 등급별 옵션'!$A$9:$D$13,5,FALSE),0)+IFERROR(VLOOKUP(G10,'장비 등급별 옵션'!$A$16:$D$20,5,FALSE),0)+IFERROR(VLOOKUP(H10,'장비 등급별 옵션'!$A$23:$D$27,5,FALSE),0)+IFERROR(VLOOKUP(I10,'장비 등급별 옵션'!$A$30:$D$34,5,FALSE),0)+IFERROR(VLOOKUP(J10,'장비 등급별 옵션'!$J$2:$N$6,5,FALSE),0)+IFERROR(VLOOKUP(K10,'장비 등급별 옵션'!$J$9:$N$13,5,FALSE),0)+IFERROR(VLOOKUP(L10,'장비 등급별 옵션'!$J$16:$N$20,5,FALSE),0)+IFERROR(VLOOKUP(M10,'장비 등급별 옵션'!$J$23:$N$27,5,FALSE),0)+IFERROR(VLOOKUP(N10,'장비 등급별 옵션'!$J$30:$N$34,5,FALSE),0)+IFERROR(VLOOKUP(O10,'장비 등급별 옵션'!$J$37:$N$40,5,FALSE),0) -> 15 | W10: =IFERROR(VLOOKUP(E10,'장비 등급별 옵션'!$A$2:$H$6,5,FALSE),0)+IFERROR(VLOOKUP(F10,'장비 등급별 옵션'!$A$9:$H$13,5,FALSE),0)+IFERROR(VLOOKUP(G10,'장비 등급별 옵션'!$A$16:$H$20,5,FALSE),0)+IFERROR(VLOOKUP(H10,'장비 등급별 옵션'!$A$23:$H$27,5,FALSE),0)+IFERROR(VLOOKUP(I10,'장비 등급별 옵션'!$A$30:$H$34,5,FALSE),0)+IFERROR(VLOOKUP(J10,'장비 등급별 옵션'!$J$2:$R$6,6,FALSE),0)+IFERROR(VLOOKUP(K10,'장비 등급별 옵션'!$J$9:$R$13,6,FALSE),0)+IFERROR(VLOOKUP(L10,'장비 등급별 옵션'!$J$16:$R$20,6,FALSE),0)+IFERROR(VLOOKUP(M10,'장비 등급별 옵션'!$J$23:$R$27,6,FALSE),0)+IFERROR(VLOOKUP(N10,'장비 등급별 옵션'!$J$30:$R$34,6,FALSE),0)+IFERROR(VLOOKUP(O10,'장비 등급별 옵션'!$J$37:$R$40,6,FALSE),0) -> 1595 | X10: =(S10*((1.05+U10*0.0045)/1.05))/($S$25*((1.05+$U$25*0.0045)/1.05)) -> 0.69393919 | Y10: =IF($C$27="","",(1+($C$27+T10-$T$25+P10-$P$25)/100)/(1+$C$27/100)) -> 0.85990956 | Z10: =IF(OR(D10="",$D$25="",$Q$25=""),"",(1+(D10+168350+297900+TRUNC(3.08*(D10-$Q$25)+2886))/250)/(1+($D$25+168350+297900+TRUNC(3.08*($D$25-$Q$25)+2886))/250)) -> 0.99897631 | AA10: =IF(OR(C10="",X10="",Y10="",Z10=""),"",C10/X10/Y10/Z10) -> 3995.8795 | AB10: =IF(OR(C10="",$C$25=""),"",C10/$C$25) -> 0.17441605 | AC10: =IF(OR(AB10="",X10="",Y10="",Z10=""),"",AB10/X10/Y10/Z10) -> 0.29258838 | AD10: =IF(R10="","",ROUND(R10,1)) -> 100.9 | AE10: =IF(OR($C$25="",X10="",Y10="",Z10="",AC10=""),"",ROUND($C$25*X10*Y10*Z10*AC10,0)) -> 2382 | AF10: =IF(OR(AE10="",C10=""),"",AE10-C10) -> 0
A11: 유니크 V | B11: 1540 | C11: 2750 | D11: =$D$25+W11-$W$25 -> 6330 | E11: 레전더리 | F11: 레전더리 | G11: 레전더리 | H11: 레전더리 | I11: 레전더리 | J11: 레전더리 | K11: 유니크 | L11: 유니크 | M11: 유니크 | N11: 유니크 | O11: 유니크 | P11: 2598 | Q11: =IF(OR(R11="",R10=""),"",((1+R11/100)/(1+R10/100)-1)*100) -> 11.493442 | R11: =IF(OR(AC11="",$AC$2="",$R$25=""),"",(AC11/$AC$2*(1+$R$25/100)-1)*100) -> 124.01155 | S11: =(1+IFERROR(VLOOKUP(E11,'장비 등급별 옵션'!$A$2:$D$6,3,FALSE),0)/100)*(1+IFERROR(VLOOKUP(F11,'장비 등급별 옵션'!$A$9:$D$13,3,FALSE),0)/100)*(1+IFERROR(VLOOKUP(G11,'장비 등급별 옵션'!$A$16:$D$20,3,FALSE),0)/100)*(1+IFERROR(VLOOKUP(H11,'장비 등급별 옵션'!$A$23:$D$27,3,FALSE),0)/100)*(1+IFERROR(VLOOKUP(I11,'장비 등급별 옵션'!$A$30:$D$34,3,FALSE),0)/100)*(1+IFERROR(VLOOKUP(J11,'장비 등급별 옵션'!$J$2:$N$6,3,FALSE),0)/100)*(1+IFERROR(VLOOKUP(K11,'장비 등급별 옵션'!$J$9:$N$13,3,FALSE),0)/100)*(1+IFERROR(VLOOKUP(L11,'장비 등급별 옵션'!$J$16:$N$20,3,FALSE),0)/100)*(1+IFERROR(VLOOKUP(M11,'장비 등급별 옵션'!$J$23:$N$27,3,FALSE),0)/100)*(1+IFERROR(VLOOKUP(N11,'장비 등급별 옵션'!$J$30:$N$34,3,FALSE),0)/100)*(1+IFERROR(VLOOKUP(O11,'장비 등급별 옵션'!$J$37:$N$40,3,FALSE),0)/100) -> 94.612208 | T11: =IFERROR(VLOOKUP(E11,'장비 등급별 옵션'!$A$2:$D$6,2,FALSE),0)+IFERROR(VLOOKUP(F11,'장비 등급별 옵션'!$A$9:$D$13,2,FALSE),0)+IFERROR(VLOOKUP(G11,'장비 등급별 옵션'!$A$16:$D$20,2,FALSE),0)+IFERROR(VLOOKUP(H11,'장비 등급별 옵션'!$A$23:$D$27,2,FALSE),0)+IFERROR(VLOOKUP(I11,'장비 등급별 옵션'!$A$30:$D$34,2,FALSE),0)+IFERROR(VLOOKUP(J11,'장비 등급별 옵션'!$J$2:$N$6,2,FALSE),0)+IFERROR(VLOOKUP(K11,'장비 등급별 옵션'!$J$9:$N$13,2,FALSE),0)+IFERROR(VLOOKUP(L11,'장비 등급별 옵션'!$J$16:$N$20,2,FALSE),0)+IFERROR(VLOOKUP(M11,'장비 등급별 옵션'!$J$23:$N$27,2,FALSE),0)+IFERROR(VLOOKUP(N11,'장비 등급별 옵션'!$J$30:$N$34,2,FALSE),0)+IFERROR(VLOOKUP(O11,'장비 등급별 옵션'!$J$37:$N$40,2,FALSE),0) -> 35079 | U11: =IFERROR(VLOOKUP(E11,'장비 등급별 옵션'!$A$2:$D$6,4,FALSE),0)+IFERROR(VLOOKUP(F11,'장비 등급별 옵션'!$A$9:$D$13,4,FALSE),0)+IFERROR(VLOOKUP(G11,'장비 등급별 옵션'!$A$16:$D$20,4,FALSE),0)+IFERROR(VLOOKUP(H11,'장비 등급별 옵션'!$A$23:$D$27,4,FALSE),0)+IFERROR(VLOOKUP(I11,'장비 등급별 옵션'!$A$30:$D$34,4,FALSE),0)+IFERROR(VLOOKUP(J11,'장비 등급별 옵션'!$J$2:$N$6,4,FALSE),0)+IFERROR(VLOOKUP(K11,'장비 등급별 옵션'!$J$9:$N$13,4,FALSE),0)+IFERROR(VLOOKUP(L11,'장비 등급별 옵션'!$J$16:$N$20,4,FALSE),0)+IFERROR(VLOOKUP(M11,'장비 등급별 옵션'!$J$23:$N$27,4,FALSE),0)+IFERROR(VLOOKUP(N11,'장비 등급별 옵션'!$J$30:$N$34,4,FALSE),0)+IFERROR(VLOOKUP(O11,'장비 등급별 옵션'!$J$37:$N$40,4,FALSE),0) -> 130 | V11: =IFERROR(VLOOKUP(E11,'장비 등급별 옵션'!$A$2:$D$6,5,FALSE),0)+IFERROR(VLOOKUP(F11,'장비 등급별 옵션'!$A$9:$D$13,5,FALSE),0)+IFERROR(VLOOKUP(G11,'장비 등급별 옵션'!$A$16:$D$20,5,FALSE),0)+IFERROR(VLOOKUP(H11,'장비 등급별 옵션'!$A$23:$D$27,5,FALSE),0)+IFERROR(VLOOKUP(I11,'장비 등급별 옵션'!$A$30:$D$34,5,FALSE),0)+IFERROR(VLOOKUP(J11,'장비 등급별 옵션'!$J$2:$N$6,5,FALSE),0)+IFERROR(VLOOKUP(K11,'장비 등급별 옵션'!$J$9:$N$13,5,FALSE),0)+IFERROR(VLOOKUP(L11,'장비 등급별 옵션'!$J$16:$N$20,5,FALSE),0)+IFERROR(VLOOKUP(M11,'장비 등급별 옵션'!$J$23:$N$27,5,FALSE),0)+IFERROR(VLOOKUP(N11,'장비 등급별 옵션'!$J$30:$N$34,5,FALSE),0)+IFERROR(VLOOKUP(O11,'장비 등급별 옵션'!$J$37:$N$40,5,FALSE),0) -> 15 | W11: =IFERROR(VLOOKUP(E11,'장비 등급별 옵션'!$A$2:$H$6,5,FALSE),0)+IFERROR(VLOOKUP(F11,'장비 등급별 옵션'!$A$9:$H$13,5,FALSE),0)+IFERROR(VLOOKUP(G11,'장비 등급별 옵션'!$A$16:$H$20,5,FALSE),0)+IFERROR(VLOOKUP(H11,'장비 등급별 옵션'!$A$23:$H$27,5,FALSE),0)+IFERROR(VLOOKUP(I11,'장비 등급별 옵션'!$A$30:$H$34,5,FALSE),0)+IFERROR(VLOOKUP(J11,'장비 등급별 옵션'!$J$2:$R$6,6,FALSE),0)+IFERROR(VLOOKUP(K11,'장비 등급별 옵션'!$J$9:$R$13,6,FALSE),0)+IFERROR(VLOOKUP(L11,'장비 등급별 옵션'!$J$16:$R$20,6,FALSE),0)+IFERROR(VLOOKUP(M11,'장비 등급별 옵션'!$J$23:$R$27,6,FALSE),0)+IFERROR(VLOOKUP(N11,'장비 등급별 옵션'!$J$30:$R$34,6,FALSE),0)+IFERROR(VLOOKUP(O11,'장비 등급별 옵션'!$J$37:$R$40,6,FALSE),0) -> 1596 | X11: =(S11*((1.05+U11*0.0045)/1.05))/($S$25*((1.05+$U$25*0.0045)/1.05)) -> 0.70853293 | Y11: =IF($C$27="","",(1+($C$27+T11-$T$25+P11-$P$25)/100)/(1+$C$27/100)) -> 0.87207179 | Z11: =IF(OR(D11="",$D$25="",$Q$25=""),"",(1+(D11+168350+297900+TRUNC(3.08*(D11-$Q$25)+2886))/250)/(1+($D$25+168350+297900+TRUNC(3.08*($D$25-$Q$25)+2886))/250)) -> 0.99898442 | AA11: =IF(OR(C11="",X11="",Y11="",Z11=""),"",C11/X11/Y11/Z11) -> 4455.1435 | AB11: =IF(OR(C11="",$C$25=""),"",C11/$C$25) -> 0.20136194 | AC11: =IF(OR(AB11="",X11="",Y11="",Z11=""),"",AB11/X11/Y11/Z11) -> 0.32621685 | AD11: =IF(R11="","",ROUND(R11,1)) -> 124 | AE11: =IF(OR($C$25="",X11="",Y11="",Z11="",AC11=""),"",ROUND($C$25*X11*Y11*Z11*AC11,0)) -> 2750 | AF11: =IF(OR(AE11="",C11=""),"",AE11-C11) -> 0
A12: 레전더리 I | B12: 1650 | C12: 3631 | D12: =$D$25+W12-$W$25 -> 6333 | E12: 레전더리 | F12: 레전더리 | G12: 레전더리 | H12: 레전더리 | I12: 레전더리 | J12: 레전더리 | K12: 레전더리 | L12: 레전더리 | M12: 유니크 | N12: 유니크 | O12: 유니크 | P12: 3464 | Q12: =IF(OR(R12="",R11=""),"",((1+R12/100)/(1+R11/100)-1)*100) -> 27.529839 | R12: =IF(OR(AC12="",$AC$2="",$R$25=""),"",(AC12/$AC$2*(1+$R$25/100)-1)*100) -> 185.68157 | S12: =(1+IFERROR(VLOOKUP(E12,'장비 등급별 옵션'!$A$2:$D$6,3,FALSE),0)/100)*(1+IFERROR(VLOOKUP(F12,'장비 등급별 옵션'!$A$9:$D$13,3,FALSE),0)/100)*(1+IFERROR(VLOOKUP(G12,'장비 등급별 옵션'!$A$16:$D$20,3,FALSE),0)/100)*(1+IFERROR(VLOOKUP(H12,'장비 등급별 옵션'!$A$23:$D$27,3,FALSE),0)/100)*(1+IFERROR(VLOOKUP(I12,'장비 등급별 옵션'!$A$30:$D$34,3,FALSE),0)/100)*(1+IFERROR(VLOOKUP(J12,'장비 등급별 옵션'!$J$2:$N$6,3,FALSE),0)/100)*(1+IFERROR(VLOOKUP(K12,'장비 등급별 옵션'!$J$9:$N$13,3,FALSE),0)/100)*(1+IFERROR(VLOOKUP(L12,'장비 등급별 옵션'!$J$16:$N$20,3,FALSE),0)/100)*(1+IFERROR(VLOOKUP(M12,'장비 등급별 옵션'!$J$23:$N$27,3,FALSE),0)/100)*(1+IFERROR(VLOOKUP(N12,'장비 등급별 옵션'!$J$30:$N$34,3,FALSE),0)/100)*(1+IFERROR(VLOOKUP(O12,'장비 등급별 옵션'!$J$37:$N$40,3,FALSE),0)/100) -> 96.605835 | T12: =IFERROR(VLOOKUP(E12,'장비 등급별 옵션'!$A$2:$D$6,2,FALSE),0)+IFERROR(VLOOKUP(F12,'장비 등급별 옵션'!$A$9:$D$13,2,FALSE),0)+IFERROR(VLOOKUP(G12,'장비 등급별 옵션'!$A$16:$D$20,2,FALSE),0)+IFERROR(VLOOKUP(H12,'장비 등급별 옵션'!$A$23:$D$27,2,FALSE),0)+IFERROR(VLOOKUP(I12,'장비 등급별 옵션'!$A$30:$D$34,2,FALSE),0)+IFERROR(VLOOKUP(J12,'장비 등급별 옵션'!$J$2:$N$6,2,FALSE),0)+IFERROR(VLOOKUP(K12,'장비 등급별 옵션'!$J$9:$N$13,2,FALSE),0)+IFERROR(VLOOKUP(L12,'장비 등급별 옵션'!$J$16:$N$20,2,FALSE),0)+IFERROR(VLOOKUP(M12,'장비 등급별 옵션'!$J$23:$N$27,2,FALSE),0)+IFERROR(VLOOKUP(N12,'장비 등급별 옵션'!$J$30:$N$34,2,FALSE),0)+IFERROR(VLOOKUP(O12,'장비 등급별 옵션'!$J$37:$N$40,2,FALSE),0) -> 35079 | U12: =IFERROR(VLOOKUP(E12,'장비 등급별 옵션'!$A$2:$D$6,4,FALSE),0)+IFERROR(VLOOKUP(F12,'장비 등급별 옵션'!$A$9:$D$13,4,FALSE),0)+IFERROR(VLOOKUP(G12,'장비 등급별 옵션'!$A$16:$D$20,4,FALSE),0)+IFERROR(VLOOKUP(H12,'장비 등급별 옵션'!$A$23:$D$27,4,FALSE),0)+IFERROR(VLOOKUP(I12,'장비 등급별 옵션'!$A$30:$D$34,4,FALSE),0)+IFERROR(VLOOKUP(J12,'장비 등급별 옵션'!$J$2:$N$6,4,FALSE),0)+IFERROR(VLOOKUP(K12,'장비 등급별 옵션'!$J$9:$N$13,4,FALSE),0)+IFERROR(VLOOKUP(L12,'장비 등급별 옵션'!$J$16:$N$20,4,FALSE),0)+IFERROR(VLOOKUP(M12,'장비 등급별 옵션'!$J$23:$N$27,4,FALSE),0)+IFERROR(VLOOKUP(N12,'장비 등급별 옵션'!$J$30:$N$34,4,FALSE),0)+IFERROR(VLOOKUP(O12,'장비 등급별 옵션'!$J$37:$N$40,4,FALSE),0) -> 130 | V12: =IFERROR(VLOOKUP(E12,'장비 등급별 옵션'!$A$2:$D$6,5,FALSE),0)+IFERROR(VLOOKUP(F12,'장비 등급별 옵션'!$A$9:$D$13,5,FALSE),0)+IFERROR(VLOOKUP(G12,'장비 등급별 옵션'!$A$16:$D$20,5,FALSE),0)+IFERROR(VLOOKUP(H12,'장비 등급별 옵션'!$A$23:$D$27,5,FALSE),0)+IFERROR(VLOOKUP(I12,'장비 등급별 옵션'!$A$30:$D$34,5,FALSE),0)+IFERROR(VLOOKUP(J12,'장비 등급별 옵션'!$J$2:$N$6,5,FALSE),0)+IFERROR(VLOOKUP(K12,'장비 등급별 옵션'!$J$9:$N$13,5,FALSE),0)+IFERROR(VLOOKUP(L12,'장비 등급별 옵션'!$J$16:$N$20,5,FALSE),0)+IFERROR(VLOOKUP(M12,'장비 등급별 옵션'!$J$23:$N$27,5,FALSE),0)+IFERROR(VLOOKUP(N12,'장비 등급별 옵션'!$J$30:$N$34,5,FALSE),0)+IFERROR(VLOOKUP(O12,'장비 등급별 옵션'!$J$37:$N$40,5,FALSE),0) -> 15 | W12: =IFERROR(VLOOKUP(E12,'장비 등급별 옵션'!$A$2:$H$6,5,FALSE),0)+IFERROR(VLOOKUP(F12,'장비 등급별 옵션'!$A$9:$H$13,5,FALSE),0)+IFERROR(VLOOKUP(G12,'장비 등급별 옵션'!$A$16:$H$20,5,FALSE),0)+IFERROR(VLOOKUP(H12,'장비 등급별 옵션'!$A$23:$H$27,5,FALSE),0)+IFERROR(VLOOKUP(I12,'장비 등급별 옵션'!$A$30:$H$34,5,FALSE),0)+IFERROR(VLOOKUP(J12,'장비 등급별 옵션'!$J$2:$R$6,6,FALSE),0)+IFERROR(VLOOKUP(K12,'장비 등급별 옵션'!$J$9:$R$13,6,FALSE),0)+IFERROR(VLOOKUP(L12,'장비 등급별 옵션'!$J$16:$R$20,6,FALSE),0)+IFERROR(VLOOKUP(M12,'장비 등급별 옵션'!$J$23:$R$27,6,FALSE),0)+IFERROR(VLOOKUP(N12,'장비 등급별 옵션'!$J$30:$R$34,6,FALSE),0)+IFERROR(VLOOKUP(O12,'장비 등급별 옵션'!$J$37:$R$40,6,FALSE),0) -> 1599 | X12: =(S12*((1.05+U12*0.0045)/1.05))/($S$25*((1.05+$U$25*0.0045)/1.05)) -> 0.72346283 | Y12: =IF($C$27="","",(1+($C$27+T12-$T$25+P12-$P$25)/100)/(1+$C$27/100)) -> 0.88423403 | Z12: =IF(OR(D12="",$D$25="",$Q$25=""),"",(1+(D12+168350+297900+TRUNC(3.08*(D12-$Q$25)+2886))/250)/(1+($D$25+168350+297900+TRUNC(3.08*($D$25-$Q$25)+2886))/250)) -> 0.99900874 | AA12: =IF(OR(C12="",X12="",Y12="",Z12=""),"",C12/X12/Y12/Z12) -> 5681.6374 | AB12: =IF(OR(C12="",$C$25=""),"",C12/$C$25) -> 0.26587098 | AC12: =IF(OR(AB12="",X12="",Y12="",Z12=""),"",AB12/X12/Y12/Z12) -> 0.41602382 | AD12: =IF(R12="","",ROUND(R12,1)) -> 185.7 | AE12: =IF(OR($C$25="",X12="",Y12="",Z12="",AC12=""),"",ROUND($C$25*X12*Y12*Z12*AC12,0)) -> 3631 | AF12: =IF(OR(AE12="",C12=""),"",AE12-C12) -> 0
A13: 레전더리 II | B13: 1735 | C13: 4092 | D13: =$D$25+W13-$W$25 -> 6336 | E13: 레전더리 | F13: 레전더리 | G13: 레전더리 | H13: 레전더리 | I13: 레전더리 | J13: 레전더리 | K13: 레전더리 | L13: 레전더리 | M13: 레전더리 | N13: 레전더리 | O13: 유니크 | P13: 4330 | Q13: =IF(OR(R13="",R12=""),"",((1+R13/100)/(1+R12/100)-1)*100) -> 8.8595635 | R13: =IF(OR(AC13="",$AC$2="",$R$25=""),"",(AC13/$AC$2*(1+$R$25/100)-1)*100) -> 210.99171 | S13: =(1+IFERROR(VLOOKUP(E13,'장비 등급별 옵션'!$A$2:$D$6,3,FALSE),0)/100)*(1+IFERROR(VLOOKUP(F13,'장비 등급별 옵션'!$A$9:$D$13,3,FALSE),0)/100)*(1+IFERROR(VLOOKUP(G13,'장비 등급별 옵션'!$A$16:$D$20,3,FALSE),0)/100)*(1+IFERROR(VLOOKUP(H13,'장비 등급별 옵션'!$A$23:$D$27,3,FALSE),0)/100)*(1+IFERROR(VLOOKUP(I13,'장비 등급별 옵션'!$A$30:$D$34,3,FALSE),0)/100)*(1+IFERROR(VLOOKUP(J13,'장비 등급별 옵션'!$J$2:$N$6,3,FALSE),0)/100)*(1+IFERROR(VLOOKUP(K13,'장비 등급별 옵션'!$J$9:$N$13,3,FALSE),0)/100)*(1+IFERROR(VLOOKUP(L13,'장비 등급별 옵션'!$J$16:$N$20,3,FALSE),0)/100)*(1+IFERROR(VLOOKUP(M13,'장비 등급별 옵션'!$J$23:$N$27,3,FALSE),0)/100)*(1+IFERROR(VLOOKUP(N13,'장비 등급별 옵션'!$J$30:$N$34,3,FALSE),0)/100)*(1+IFERROR(VLOOKUP(O13,'장비 등급별 옵션'!$J$37:$N$40,3,FALSE),0)/100) -> 98.651288 | T13: =IFERROR(VLOOKUP(E13,'장비 등급별 옵션'!$A$2:$D$6,2,FALSE),0)+IFERROR(VLOOKUP(F13,'장비 등급별 옵션'!$A$9:$D$13,2,FALSE),0)+IFERROR(VLOOKUP(G13,'장비 등급별 옵션'!$A$16:$D$20,2,FALSE),0)+IFERROR(VLOOKUP(H13,'장비 등급별 옵션'!$A$23:$D$27,2,FALSE),0)+IFERROR(VLOOKUP(I13,'장비 등급별 옵션'!$A$30:$D$34,2,FALSE),0)+IFERROR(VLOOKUP(J13,'장비 등급별 옵션'!$J$2:$N$6,2,FALSE),0)+IFERROR(VLOOKUP(K13,'장비 등급별 옵션'!$J$9:$N$13,2,FALSE),0)+IFERROR(VLOOKUP(L13,'장비 등급별 옵션'!$J$16:$N$20,2,FALSE),0)+IFERROR(VLOOKUP(M13,'장비 등급별 옵션'!$J$23:$N$27,2,FALSE),0)+IFERROR(VLOOKUP(N13,'장비 등급별 옵션'!$J$30:$N$34,2,FALSE),0)+IFERROR(VLOOKUP(O13,'장비 등급별 옵션'!$J$37:$N$40,2,FALSE),0) -> 35079 | U13: =IFERROR(VLOOKUP(E13,'장비 등급별 옵션'!$A$2:$D$6,4,FALSE),0)+IFERROR(VLOOKUP(F13,'장비 등급별 옵션'!$A$9:$D$13,4,FALSE),0)+IFERROR(VLOOKUP(G13,'장비 등급별 옵션'!$A$16:$D$20,4,FALSE),0)+IFERROR(VLOOKUP(H13,'장비 등급별 옵션'!$A$23:$D$27,4,FALSE),0)+IFERROR(VLOOKUP(I13,'장비 등급별 옵션'!$A$30:$D$34,4,FALSE),0)+IFERROR(VLOOKUP(J13,'장비 등급별 옵션'!$J$2:$N$6,4,FALSE),0)+IFERROR(VLOOKUP(K13,'장비 등급별 옵션'!$J$9:$N$13,4,FALSE),0)+IFERROR(VLOOKUP(L13,'장비 등급별 옵션'!$J$16:$N$20,4,FALSE),0)+IFERROR(VLOOKUP(M13,'장비 등급별 옵션'!$J$23:$N$27,4,FALSE),0)+IFERROR(VLOOKUP(N13,'장비 등급별 옵션'!$J$30:$N$34,4,FALSE),0)+IFERROR(VLOOKUP(O13,'장비 등급별 옵션'!$J$37:$N$40,4,FALSE),0) -> 130 | V13: =IFERROR(VLOOKUP(E13,'장비 등급별 옵션'!$A$2:$D$6,5,FALSE),0)+IFERROR(VLOOKUP(F13,'장비 등급별 옵션'!$A$9:$D$13,5,FALSE),0)+IFERROR(VLOOKUP(G13,'장비 등급별 옵션'!$A$16:$D$20,5,FALSE),0)+IFERROR(VLOOKUP(H13,'장비 등급별 옵션'!$A$23:$D$27,5,FALSE),0)+IFERROR(VLOOKUP(I13,'장비 등급별 옵션'!$A$30:$D$34,5,FALSE),0)+IFERROR(VLOOKUP(J13,'장비 등급별 옵션'!$J$2:$N$6,5,FALSE),0)+IFERROR(VLOOKUP(K13,'장비 등급별 옵션'!$J$9:$N$13,5,FALSE),0)+IFERROR(VLOOKUP(L13,'장비 등급별 옵션'!$J$16:$N$20,5,FALSE),0)+IFERROR(VLOOKUP(M13,'장비 등급별 옵션'!$J$23:$N$27,5,FALSE),0)+IFERROR(VLOOKUP(N13,'장비 등급별 옵션'!$J$30:$N$34,5,FALSE),0)+IFERROR(VLOOKUP(O13,'장비 등급별 옵션'!$J$37:$N$40,5,FALSE),0) -> 15 | W13: =IFERROR(VLOOKUP(E13,'장비 등급별 옵션'!$A$2:$H$6,5,FALSE),0)+IFERROR(VLOOKUP(F13,'장비 등급별 옵션'!$A$9:$H$13,5,FALSE),0)+IFERROR(VLOOKUP(G13,'장비 등급별 옵션'!$A$16:$H$20,5,FALSE),0)+IFERROR(VLOOKUP(H13,'장비 등급별 옵션'!$A$23:$H$27,5,FALSE),0)+IFERROR(VLOOKUP(I13,'장비 등급별 옵션'!$A$30:$H$34,5,FALSE),0)+IFERROR(VLOOKUP(J13,'장비 등급별 옵션'!$J$2:$R$6,6,FALSE),0)+IFERROR(VLOOKUP(K13,'장비 등급별 옵션'!$J$9:$R$13,6,FALSE),0)+IFERROR(VLOOKUP(L13,'장비 등급별 옵션'!$J$16:$R$20,6,FALSE),0)+IFERROR(VLOOKUP(M13,'장비 등급별 옵션'!$J$23:$R$27,6,FALSE),0)+IFERROR(VLOOKUP(N13,'장비 등급별 옵션'!$J$30:$R$34,6,FALSE),0)+IFERROR(VLOOKUP(O13,'장비 등급별 옵션'!$J$37:$R$40,6,FALSE),0) -> 1602 | X13: =(S13*((1.05+U13*0.0045)/1.05))/($S$25*((1.05+$U$25*0.0045)/1.05)) -> 0.73878083 | Y13: =IF($C$27="","",(1+($C$27+T13-$T$25+P13-$P$25)/100)/(1+$C$27/100)) -> 0.89639627 | Z13: =IF(OR(D13="",$D$25="",$Q$25=""),"",(1+(D13+168350+297900+TRUNC(3.08*(D13-$Q$25)+2886))/250)/(1+($D$25+168350+297900+TRUNC(3.08*($D$25-$Q$25)+2886))/250)) -> 0.99903307 | AA13: =IF(OR(C13="",X13="",Y13="",Z13=""),"",C13/X13/Y13/Z13) -> 6185.0056 | AB13: =IF(OR(C13="",$C$25=""),"",C13/$C$25) -> 0.29962657 | AC13: =IF(OR(AB13="",X13="",Y13="",Z13=""),"",AB13/X13/Y13/Z13) -> 0.45288172 | AD13: =IF(R13="","",ROUND(R13,1)) -> 211 | AE13: =IF(OR($C$25="",X13="",Y13="",Z13="",AC13=""),"",ROUND($C$25*X13*Y13*Z13*AC13,0)) -> 4092 | AF13: =IF(OR(AE13="",C13=""),"",AE13-C13) -> 0
A14: 레전더리 III | B14: 1820 | C14: 4597 | D14: =$D$25+W14-$W$25 -> 6389 | E14: 에픽 | F14: 레전더리 | G14: 레전더리 | H14: 레전더리 | I14: 레전더리 | J14: 레전더리 | K14: 레전더리 | L14: 레전더리 | M14: 레전더리 | N14: 레전더리 | O14: 레전더리 | P14: 5247 | Q14: =IF(OR(R14="",R13=""),"",((1+R14/100)/(1+R13/100)-1)*100) -> 8.5030661 | R14: =IF(OR(AC14="",$AC$2="",$R$25=""),"",(AC14/$AC$2*(1+$R$25/100)-1)*100) -> 237.43554 | S14: =(1+IFERROR(VLOOKUP(E14,'장비 등급별 옵션'!$A$2:$D$6,3,FALSE),0)/100)*(1+IFERROR(VLOOKUP(F14,'장비 등급별 옵션'!$A$9:$D$13,3,FALSE),0)/100)*(1+IFERROR(VLOOKUP(G14,'장비 등급별 옵션'!$A$16:$D$20,3,FALSE),0)/100)*(1+IFERROR(VLOOKUP(H14,'장비 등급별 옵션'!$A$23:$D$27,3,FALSE),0)/100)*(1+IFERROR(VLOOKUP(I14,'장비 등급별 옵션'!$A$30:$D$34,3,FALSE),0)/100)*(1+IFERROR(VLOOKUP(J14,'장비 등급별 옵션'!$J$2:$N$6,3,FALSE),0)/100)*(1+IFERROR(VLOOKUP(K14,'장비 등급별 옵션'!$J$9:$N$13,3,FALSE),0)/100)*(1+IFERROR(VLOOKUP(L14,'장비 등급별 옵션'!$J$16:$N$20,3,FALSE),0)/100)*(1+IFERROR(VLOOKUP(M14,'장비 등급별 옵션'!$J$23:$N$27,3,FALSE),0)/100)*(1+IFERROR(VLOOKUP(N14,'장비 등급별 옵션'!$J$30:$N$34,3,FALSE),0)/100)*(1+IFERROR(VLOOKUP(O14,'장비 등급별 옵션'!$J$37:$N$40,3,FALSE),0)/100) -> 100.6501 | T14: =IFERROR(VLOOKUP(E14,'장비 등급별 옵션'!$A$2:$D$6,2,FALSE),0)+IFERROR(VLOOKUP(F14,'장비 등급별 옵션'!$A$9:$D$13,2,FALSE),0)+IFERROR(VLOOKUP(G14,'장비 등급별 옵션'!$A$16:$D$20,2,FALSE),0)+IFERROR(VLOOKUP(H14,'장비 등급별 옵션'!$A$23:$D$27,2,FALSE),0)+IFERROR(VLOOKUP(I14,'장비 등급별 옵션'!$A$30:$D$34,2,FALSE),0)+IFERROR(VLOOKUP(J14,'장비 등급별 옵션'!$J$2:$N$6,2,FALSE),0)+IFERROR(VLOOKUP(K14,'장비 등급별 옵션'!$J$9:$N$13,2,FALSE),0)+IFERROR(VLOOKUP(L14,'장비 등급별 옵션'!$J$16:$N$20,2,FALSE),0)+IFERROR(VLOOKUP(M14,'장비 등급별 옵션'!$J$23:$N$27,2,FALSE),0)+IFERROR(VLOOKUP(N14,'장비 등급별 옵션'!$J$30:$N$34,2,FALSE),0)+IFERROR(VLOOKUP(O14,'장비 등급별 옵션'!$J$37:$N$40,2,FALSE),0) -> 35079 | U14: =IFERROR(VLOOKUP(E14,'장비 등급별 옵션'!$A$2:$D$6,4,FALSE),0)+IFERROR(VLOOKUP(F14,'장비 등급별 옵션'!$A$9:$D$13,4,FALSE),0)+IFERROR(VLOOKUP(G14,'장비 등급별 옵션'!$A$16:$D$20,4,FALSE),0)+IFERROR(VLOOKUP(H14,'장비 등급별 옵션'!$A$23:$D$27,4,FALSE),0)+IFERROR(VLOOKUP(I14,'장비 등급별 옵션'!$A$30:$D$34,4,FALSE),0)+IFERROR(VLOOKUP(J14,'장비 등급별 옵션'!$J$2:$N$6,4,FALSE),0)+IFERROR(VLOOKUP(K14,'장비 등급별 옵션'!$J$9:$N$13,4,FALSE),0)+IFERROR(VLOOKUP(L14,'장비 등급별 옵션'!$J$16:$N$20,4,FALSE),0)+IFERROR(VLOOKUP(M14,'장비 등급별 옵션'!$J$23:$N$27,4,FALSE),0)+IFERROR(VLOOKUP(N14,'장비 등급별 옵션'!$J$30:$N$34,4,FALSE),0)+IFERROR(VLOOKUP(O14,'장비 등급별 옵션'!$J$37:$N$40,4,FALSE),0) -> 130 | V14: =IFERROR(VLOOKUP(E14,'장비 등급별 옵션'!$A$2:$D$6,5,FALSE),0)+IFERROR(VLOOKUP(F14,'장비 등급별 옵션'!$A$9:$D$13,5,FALSE),0)+IFERROR(VLOOKUP(G14,'장비 등급별 옵션'!$A$16:$D$20,5,FALSE),0)+IFERROR(VLOOKUP(H14,'장비 등급별 옵션'!$A$23:$D$27,5,FALSE),0)+IFERROR(VLOOKUP(I14,'장비 등급별 옵션'!$A$30:$D$34,5,FALSE),0)+IFERROR(VLOOKUP(J14,'장비 등급별 옵션'!$J$2:$N$6,5,FALSE),0)+IFERROR(VLOOKUP(K14,'장비 등급별 옵션'!$J$9:$N$13,5,FALSE),0)+IFERROR(VLOOKUP(L14,'장비 등급별 옵션'!$J$16:$N$20,5,FALSE),0)+IFERROR(VLOOKUP(M14,'장비 등급별 옵션'!$J$23:$N$27,5,FALSE),0)+IFERROR(VLOOKUP(N14,'장비 등급별 옵션'!$J$30:$N$34,5,FALSE),0)+IFERROR(VLOOKUP(O14,'장비 등급별 옵션'!$J$37:$N$40,5,FALSE),0) -> 15 | W14: =IFERROR(VLOOKUP(E14,'장비 등급별 옵션'!$A$2:$H$6,5,FALSE),0)+IFERROR(VLOOKUP(F14,'장비 등급별 옵션'!$A$9:$H$13,5,FALSE),0)+IFERROR(VLOOKUP(G14,'장비 등급별 옵션'!$A$16:$H$20,5,FALSE),0)+IFERROR(VLOOKUP(H14,'장비 등급별 옵션'!$A$23:$H$27,5,FALSE),0)+IFERROR(VLOOKUP(I14,'장비 등급별 옵션'!$A$30:$H$34,5,FALSE),0)+IFERROR(VLOOKUP(J14,'장비 등급별 옵션'!$J$2:$R$6,6,FALSE),0)+IFERROR(VLOOKUP(K14,'장비 등급별 옵션'!$J$9:$R$13,6,FALSE),0)+IFERROR(VLOOKUP(L14,'장비 등급별 옵션'!$J$16:$R$20,6,FALSE),0)+IFERROR(VLOOKUP(M14,'장비 등급별 옵션'!$J$23:$R$27,6,FALSE),0)+IFERROR(VLOOKUP(N14,'장비 등급별 옵션'!$J$30:$R$34,6,FALSE),0)+IFERROR(VLOOKUP(O14,'장비 등급별 옵션'!$J$37:$R$40,6,FALSE),0) -> 1655 | X14: =(S14*((1.05+U14*0.0045)/1.05))/($S$25*((1.05+$U$25*0.0045)/1.05)) -> 0.7537496 | Y14: =IF($C$27="","",(1+($C$27+T14-$T$25+P14-$P$25)/100)/(1+$C$27/100)) -> 0.90927476 | Z14: =IF(OR(D14="",$D$25="",$Q$25=""),"",(1+(D14+168350+297900+TRUNC(3.08*(D14-$Q$25)+2886))/250)/(1+($D$25+168350+297900+TRUNC(3.08*($D$25-$Q$25)+2886))/250)) -> 0.99947093 | AA14: =IF(OR(C14="",X14="",Y14="",Z14=""),"",C14/X14/Y14/Z14) -> 6710.9208 | AB14: =IF(OR(C14="",$C$25=""),"",C14/$C$25) -> 0.33660394 | AC14: =IF(OR(AB14="",X14="",Y14="",Z14=""),"",AB14/X14/Y14/Z14) -> 0.49139055 | AD14: =IF(R14="","",ROUND(R14,1)) -> 237.4 | AE14: =IF(OR($C$25="",X14="",Y14="",Z14="",AC14=""),"",ROUND($C$25*X14*Y14*Z14*AC14,0)) -> 4597 | AF14: =IF(OR(AE14="",C14=""),"",AE14-C14) -> 0
... A22: 태초 | B22: 2550 | C22: 12631 | D22: =$D$25+W22-$W$25 -> 6453 | E22: 에픽잠식(업글) | F22: 에픽잠식(업글) | G22: 에픽 | H22: 에픽 | I22: 에픽 | J22: 태초 | K22: 태초 | L22: 태초 | M22: 에픽 | N22: 에픽 | O22: 에픽 | P22: 11707 | Q22: =IF(OR(R22="",R21=""),"",((1+R22/100)/(1+R21/100)-1)*100) -> 12.048017 | R22: =IF(OR(AC22="",$AC$2="",$R$25=""),"",(AC22/$AC$2*(1+$R$25/100)-1)*100) -> 572.37883 | S22: =(1+IFERROR(VLOOKUP(E22,'장비 등급별 옵션'!$A$2:$D$6,3,FALSE),0)/100)*(1+IFERROR(VLOOKUP(F22,'장비 등급별 옵션'!$A$9:$D$13,3,FALSE),0)/100)*(1+IFERROR(VLOOKUP(G22,'장비 등급별 옵션'!$A$16:$D$20,3,FALSE),0)/100)*(1+IFERROR(VLOOKUP(H22,'장비 등급별 옵션'!$A$23:$D$27,3,FALSE),0)/100)*(1+IFERROR(VLOOKUP(I22,'장비 등급별 옵션'!$A$30:$D$34,3,FALSE),0)/100)*(1+IFERROR(VLOOKUP(J22,'장비 등급별 옵션'!$J$2:$N$6,3,FALSE),0)/100)*(1+IFERROR(VLOOKUP(K22,'장비 등급별 옵션'!$J$9:$N$13,3,FALSE),0)/100)*(1+IFERROR(VLOOKUP(L22,'장비 등급별 옵션'!$J$16:$N$20,3,FALSE),0)/100)*(1+IFERROR(VLOOKUP(M22,'장비 등급별 옵션'!$J$23:$N$27,3,FALSE),0)/100)*(1+IFERROR(VLOOKUP(N22,'장비 등급별 옵션'!$J$30:$N$34,3,FALSE),0)/100)*(1+IFERROR(VLOOKUP(O22,'장비 등급별 옵션'!$J$37:$N$40,3,FALSE),0)/100) -> 126.13034 | T22: =IFERROR(VLOOKUP(E22,'장비 등급별 옵션'!$A$2:$D$6,2,FALSE),0)+IFERROR(VLOOKUP(F22,'장비 등급별 옵션'!$A$9:$D$13,2,FALSE),0)+IFERROR(VLOOKUP(G22,'장비 등급별 옵션'!$A$16:$D$20,2,FALSE),0)+IFERROR(VLOOKUP(H22,'장비 등급별 옵션'!$A$23:$D$27,2,FALSE),0)+IFERROR(VLOOKUP(I22,'장비 등급별 옵션'!$A$30:$D$34,2,FALSE),0)+IFERROR(VLOOKUP(J22,'장비 등급별 옵션'!$J$2:$N$6,2,FALSE),0)+IFERROR(VLOOKUP(K22,'장비 등급별 옵션'!$J$9:$N$13,2,FALSE),0)+IFERROR(VLOOKUP(L22,'장비 등급별 옵션'!$J$16:$N$20,2,FALSE),0)+IFERROR(VLOOKUP(M22,'장비 등급별 옵션'!$J$23:$N$27,2,FALSE),0)+IFERROR(VLOOKUP(N22,'장비 등급별 옵션'!$J$30:$N$34,2,FALSE),0)+IFERROR(VLOOKUP(O22,'장비 등급별 옵션'!$J$37:$N$40,2,FALSE),0) -> 35079 | U22: =IFERROR(VLOOKUP(E22,'장비 등급별 옵션'!$A$2:$D$6,4,FALSE),0)+IFERROR(VLOOKUP(F22,'장비 등급별 옵션'!$A$9:$D$13,4,FALSE),0)+IFERROR(VLOOKUP(G22,'장비 등급별 옵션'!$A$16:$D$20,4,FALSE),0)+IFERROR(VLOOKUP(H22,'장비 등급별 옵션'!$A$23:$D$27,4,FALSE),0)+IFERROR(VLOOKUP(I22,'장비 등급별 옵션'!$A$30:$D$34,4,FALSE),0)+IFERROR(VLOOKUP(J22,'장비 등급별 옵션'!$J$2:$N$6,4,FALSE),0)+IFERROR(VLOOKUP(K22,'장비 등급별 옵션'!$J$9:$N$13,4,FALSE),0)+IFERROR(VLOOKUP(L22,'장비 등급별 옵션'!$J$16:$N$20,4,FALSE),0)+IFERROR(VLOOKUP(M22,'장비 등급별 옵션'!$J$23:$N$27,4,FALSE),0)+IFERROR(VLOOKUP(N22,'장비 등급별 옵션'!$J$30:$N$34,4,FALSE),0)+IFERROR(VLOOKUP(O22,'장비 등급별 옵션'!$J$37:$N$40,4,FALSE),0) -> 130 | V22: =IFERROR(VLOOKUP(E22,'장비 등급별 옵션'!$A$2:$D$6,5,FALSE),0)+IFERROR(VLOOKUP(F22,'장비 등급별 옵션'!$A$9:$D$13,5,FALSE),0)+IFERROR(VLOOKUP(G22,'장비 등급별 옵션'!$A$16:$D$20,5,FALSE),0)+IFERROR(VLOOKUP(H22,'장비 등급별 옵션'!$A$23:$D$27,5,FALSE),0)+IFERROR(VLOOKUP(I22,'장비 등급별 옵션'!$A$30:$D$34,5,FALSE),0)+IFERROR(VLOOKUP(J22,'장비 등급별 옵션'!$J$2:$N$6,5,FALSE),0)+IFERROR(VLOOKUP(K22,'장비 등급별 옵션'!$J$9:$N$13,5,FALSE),0)+IFERROR(VLOOKUP(L22,'장비 등급별 옵션'!$J$16:$N$20,5,FALSE),0)+IFERROR(VLOOKUP(M22,'장비 등급별 옵션'!$J$23:$N$27,5,FALSE),0)+IFERROR(VLOOKUP(N22,'장비 등급별 옵션'!$J$30:$N$34,5,FALSE),0)+IFERROR(VLOOKUP(O22,'장비 등급별 옵션'!$J$37:$N$40,5,FALSE),0) -> 15 | W22: =IFERROR(VLOOKUP(E22,'장비 등급별 옵션'!$A$2:$H$6,5,FALSE),0)+IFERROR(VLOOKUP(F22,'장비 등급별 옵션'!$A$9:$H$13,5,FALSE),0)+IFERROR(VLOOKUP(G22,'장비 등급별 옵션'!$A$16:$H$20,5,FALSE),0)+IFERROR(VLOOKUP(H22,'장비 등급별 옵션'!$A$23:$H$27,5,FALSE),0)+IFERROR(VLOOKUP(I22,'장비 등급별 옵션'!$A$30:$H$34,5,FALSE),0)+IFERROR(VLOOKUP(J22,'장비 등급별 옵션'!$J$2:$R$6,6,FALSE),0)+IFERROR(VLOOKUP(K22,'장비 등급별 옵션'!$J$9:$R$13,6,FALSE),0)+IFERROR(VLOOKUP(L22,'장비 등급별 옵션'!$J$16:$R$20,6,FALSE),0)+IFERROR(VLOOKUP(M22,'장비 등급별 옵션'!$J$23:$R$27,6,FALSE),0)+IFERROR(VLOOKUP(N22,'장비 등급별 옵션'!$J$30:$R$34,6,FALSE),0)+IFERROR(VLOOKUP(O22,'장비 등급별 옵션'!$J$37:$R$40,6,FALSE),0) -> 1719 | X22: =(S22*((1.05+U22*0.0045)/1.05))/($S$25*((1.05+$U$25*0.0045)/1.05)) -> 0.94456623 | Y22: =IF($C$27="","",(1+($C$27+T22-$T$25+P22-$P$25)/100)/(1+$C$27/100)) -> 1 | Z22: =IF(OR(D22="",$D$25="",$Q$25=""),"",(1+(D22+168350+297900+TRUNC(3.08*(D22-$Q$25)+2886))/250)/(1+($D$25+168350+297900+TRUNC(3.08*($D$25-$Q$25)+2886))/250)) -> 1 | AA22: =IF(OR(C22="",X22="",Y22="",Z22=""),"",C22/X22/Y22/Z22) -> 13372.276 | AB22: =IF(OR(C22="",$C$25=""),"",C22/$C$25) -> 0.92487369 | AC22: =IF(OR(AB22="",X22="",Y22="",Z22=""),"",AB22/X22/Y22/Z22) -> 0.97915176 | AD22: =IF(R22="","",ROUND(R22,1)) -> 572.4 | AE22: =IF(OR($C$25="",X22="",Y22="",Z22="",AC22=""),"",ROUND($C$25*X22*Y22*Z22*AC22,0)) -> 12631 | AF22: =IF(OR(AE22="",C22=""),"",AE22-C22) -> 0
A24: 기준 캐릭터 | B24: 기준 세트포인트(자동) | C24: 기준 장비점수 | D24: 기준스탯 | E24: 상의 | F24: 머리어깨 | G24: 하의 | H24: 신발 | I24: 허리 | J24: 목걸이 | K24: 반지 | L24: 팔찌 | M24: 보조장비 | N24: 마법석 | O24: 귀걸이 | Q24: 기준 직업 기본스탯 | R24: 레어 I 기준 세트 최종뎀(%)
A25: 마키듀얼 | B25: =IFERROR(VLOOKUP(E25,'장비 등급별 옵션'!$A$43:$B$48,2,FALSE),0)+IFERROR(VLOOKUP(F25,'장비 등급별 옵션'!$A$43:$B$48,2,FALSE),0)+IFERROR(VLOOKUP(G25,'장비 등급별 옵션'!$A$43:$B$48,2,FALSE),0)+IFERROR(VLOOKUP(H25,'장비 등급별 옵션'!$A$43:$B$48,2,FALSE),0)+IFERROR(VLOOKUP(I25,'장비 등급별 옵션'!$A$43:$B$48,2,FALSE),0)+IFERROR(VLOOKUP(J25,'장비 등급별 옵션'!$A$43:$B$48,2,FALSE),0)+IFERROR(VLOOKUP(K25,'장비 등급별 옵션'!$A$43:$B$48,2,FALSE),0)+IFERROR(VLOOKUP(L25,'장비 등급별 옵션'!$A$43:$B$48,2,FALSE),0)+IFERROR(VLOOKUP(M25,'장비 등급별 옵션'!$A$43:$B$48,2,FALSE),0)+IFERROR(VLOOKUP(N25,'장비 등급별 옵션'!$A$43:$B$48,2,FALSE),0)+IFERROR(VLOOKUP(O25,'장비 등급별 옵션'!$A$43:$B$48,2,FALSE),0) -> 2615 | C25: 13657 | D25: 6453 | E25: 에픽잠식(업글) | F25: 에픽잠식(업글) | G25: 에픽잠식(업글) | H25: 에픽잠식(업글) | I25: 에픽잠식(업글) | J25: 태초 | K25: 태초 | L25: 태초 | M25: 에픽 | N25: 에픽 | O25: 에픽 | P25: 11707 | Q25: 779 | R25: 4 | S25: =(1+IFERROR(VLOOKUP(E25,'장비 등급별 옵션'!$A$2:$D$6,3,FALSE),0)/100)*(1+IFERROR(VLOOKUP(F25,'장비 등급별 옵션'!$A$9:$D$13,3,FALSE),0)/100)*(1+IFERROR(VLOOKUP(G25,'장비 등급별 옵션'!$A$16:$D$20,3,FALSE),0)/100)*(1+IFERROR(VLOOKUP(H25,'장비 등급별 옵션'!$A$23:$D$27,3,FALSE),0)/100)*(1+IFERROR(VLOOKUP(I25,'장비 등급별 옵션'!$A$30:$D$34,3,FALSE),0)/100)*(1+IFERROR(VLOOKUP(J25,'장비 등급별 옵션'!$J$2:$N$6,3,FALSE),0)/100)*(1+IFERROR(VLOOKUP(K25,'장비 등급별 옵션'!$J$9:$N$13,3,FALSE),0)/100)*(1+IFERROR(VLOOKUP(L25,'장비 등급별 옵션'!$J$16:$N$20,3,FALSE),0)/100)*(1+IFERROR(VLOOKUP(M25,'장비 등급별 옵션'!$J$23:$N$27,3,FALSE),0)/100)*(1+IFERROR(VLOOKUP(N25,'장비 등급별 옵션'!$J$30:$N$34,3,FALSE),0)/100)*(1+IFERROR(VLOOKUP(O25,'장비 등급별 옵션'!$J$37:$N$40,3,FALSE),0)/100) -> 133.53255 | T25: =IFERROR(VLOOKUP(E25,'장비 등급별 옵션'!$A$2:$D$6,2,FALSE),0)+IFERROR(VLOOKUP(F25,'장비 등급별 옵션'!$A$9:$D$13,2,FALSE),0)+IFERROR(VLOOKUP(G25,'장비 등급별 옵션'!$A$16:$D$20,2,FALSE),0)+IFERROR(VLOOKUP(H25,'장비 등급별 옵션'!$A$23:$D$27,2,FALSE),0)+IFERROR(VLOOKUP(I25,'장비 등급별 옵션'!$A$30:$D$34,2,FALSE),0)+IFERROR(VLOOKUP(J25,'장비 등급별 옵션'!$J$2:$N$6,2,FALSE),0)+IFERROR(VLOOKUP(K25,'장비 등급별 옵션'!$J$9:$N$13,2,FALSE),0)+IFERROR(VLOOKUP(L25,'장비 등급별 옵션'!$J$16:$N$20,2,FALSE),0)+IFERROR(VLOOKUP(M25,'장비 등급별 옵션'!$J$23:$N$27,2,FALSE),0)+IFERROR(VLOOKUP(N25,'장비 등급별 옵션'!$J$30:$N$34,2,FALSE),0)+IFERROR(VLOOKUP(O25,'장비 등급별 옵션'!$J$37:$N$40,2,FALSE),0) -> 35079 | U25: =IFERROR(VLOOKUP(E25,'장비 등급별 옵션'!$A$2:$D$6,4,FALSE),0)+IFERROR(VLOOKUP(F25,'장비 등급별 옵션'!$A$9:$D$13,4,FALSE),0)+IFERROR(VLOOKUP(G25,'장비 등급별 옵션'!$A$16:$D$20,4,FALSE),0)+IFERROR(VLOOKUP(H25,'장비 등급별 옵션'!$A$23:$D$27,4,FALSE),0)+IFERROR(VLOOKUP(I25,'장비 등급별 옵션'!$A$30:$D$34,4,FALSE),0)+IFERROR(VLOOKUP(J25,'장비 등급별 옵션'!$J$2:$N$6,4,FALSE),0)+IFERROR(VLOOKUP(K25,'장비 등급별 옵션'!$J$9:$N$13,4,FALSE),0)+IFERROR(VLOOKUP(L25,'장비 등급별 옵션'!$J$16:$N$20,4,FALSE),0)+IFERROR(VLOOKUP(M25,'장비 등급별 옵션'!$J$23:$N$27,4,FALSE),0)+IFERROR(VLOOKUP(N25,'장비 등급별 옵션'!$J$30:$N$34,4,FALSE),0)+IFERROR(VLOOKUP(O25,'장비 등급별 옵션'!$J$37:$N$40,4,FALSE),0) -> 130 | V25: =IFERROR(VLOOKUP(E25,'장비 등급별 옵션'!$A$2:$D$6,5,FALSE),0)+IFERROR(VLOOKUP(F25,'장비 등급별 옵션'!$A$9:$D$13,5,FALSE),0)+IFERROR(VLOOKUP(G25,'장비 등급별 옵션'!$A$16:$D$20,5,FALSE),0)+IFERROR(VLOOKUP(H25,'장비 등급별 옵션'!$A$23:$D$27,5,FALSE),0)+IFERROR(VLOOKUP(I25,'장비 등급별 옵션'!$A$30:$D$34,5,FALSE),0)+IFERROR(VLOOKUP(J25,'장비 등급별 옵션'!$J$2:$N$6,5,FALSE),0)+IFERROR(VLOOKUP(K25,'장비 등급별 옵션'!$J$9:$N$13,5,FALSE),0)+IFERROR(VLOOKUP(L25,'장비 등급별 옵션'!$J$16:$N$20,5,FALSE),0)+IFERROR(VLOOKUP(M25,'장비 등급별 옵션'!$J$23:$N$27,5,FALSE),0)+IFERROR(VLOOKUP(N25,'장비 등급별 옵션'!$J$30:$N$34,5,FALSE),0)+IFERROR(VLOOKUP(O25,'장비 등급별 옵션'!$J$37:$N$40,5,FALSE),0) -> 15 | W25: =IFERROR(VLOOKUP(E25,'장비 등급별 옵션'!$A$2:$H$6,5,FALSE),0)+IFERROR(VLOOKUP(F25,'장비 등급별 옵션'!$A$9:$H$13,5,FALSE),0)+IFERROR(VLOOKUP(G25,'장비 등급별 옵션'!$A$16:$H$20,5,FALSE),0)+IFERROR(VLOOKUP(H25,'장비 등급별 옵션'!$A$23:$H$27,5,FALSE),0)+IFERROR(VLOOKUP(I25,'장비 등급별 옵션'!$A$30:$H$34,5,FALSE),0)+IFERROR(VLOOKUP(J25,'장비 등급별 옵션'!$J$2:$R$6,6,FALSE),0)+IFERROR(VLOOKUP(K25,'장비 등급별 옵션'!$J$9:$R$13,6,FALSE),0)+IFERROR(VLOOKUP(L25,'장비 등급별 옵션'!$J$16:$R$20,6,FALSE),0)+IFERROR(VLOOKUP(M25,'장비 등급별 옵션'!$J$23:$R$27,6,FALSE),0)+IFERROR(VLOOKUP(N25,'장비 등급별 옵션'!$J$30:$R$34,6,FALSE),0)+IFERROR(VLOOKUP(O25,'장비 등급별 옵션'!$J$37:$R$40,6,FALSE),0) -> 1719 | X25: =1 -> 1 | Y25: =1 -> 1 | Z25: =1 -> 1 | AA25: =C25 -> 13657 | AB25: =1 -> 1 | AC25: =1 -> 1 | AD25: =IF(OR(AC25="",$AC$2="",$R$25=""),"",ROUND((AC25/$AC$2*(1+$R$25/100)-1)*100,1)) -> 586.7 | AE25: =C25 -> 13657 | AF25: =0 -> 0
C26: 기준 총 공격력증가
C27: 71104

Sheet 서약 세트 단계
A1: 세트단계 | B1: 필요세트포인트 | C1: 변경 후 장비점수 | D1: 변경 후 세트포인트 | E1: 서약 등급 | F1: 레어 결정 | G1: 유니크 결정 | H1: 레전 결정 | I1: 에픽 결정 | J1: 태초 결정 | K1: 단계 증가량(%) | L1: 누적 증가량(%) | M1: 결정배율 | N1: 서약등급배율 | O1: 가호최종뎀배율 | P1: 서약스탯배율 | Q1: 보정점수
A2: 레어 I | B2: 750 | C2: 7439 | D2: 760 | E2: 유니크 | F2: 11 | K2: =0 -> 0 | L2: =(Q2/$Q$2-1)*100 -> 0 | M2: =POWER(1.13,N(F2))*POWER(1.17,N(G2))*POWER(1.2,N(H2))*POWER(1.23,N(I2))*POWER(1.26,N(J2)) -> 3.8358612 | N2: =IF(E2="유니크",1.38,IF(E2="레전더리",1.44,IF(E2="에픽",1.5,IF(E2="태초",1.57,1)))) -> 1.38 | O2: =1+IF(D2>=2550,62+INT((D2-2550)/25)*0.5,IF(D2>=2100,50+INT((D2-2100)/25)*0.5,IF(D2>=1650,39+INT((D2-1650)/25)*0.5,IF(D2>=1200,28+INT((D2-1200)/25)*0.5,IF(D2>=750,17+INT((D2-750)/25)*0.5,0)))))/100 -> 1.17 | P2: =IF(E2="유니크",(1+(6679+298+168350+297900+INT(3.08*(6679+298-815)+2886))/250)/(1+(6679+168350+297900+INT(3.08*(6679-815)+2886))/250),IF(E2="레전더리",(1+(6679+350+168350+297900+INT(3.08*(6679+350-815)+2886))/250)/(1+(6679+168350+297900+INT(3.08*(6679-815)+2886))/250),IF(E2="에픽",(1+(6679+400+168350+297900+INT(3.08*(6679+400-815)+2886))/250)/(1+(6679+168350+297900+INT(3.08*(6679-815)+2886))/250),IF(E2="태초",(1+(6679+450+168350+297900+INT(3.08*(6679+450-815)+2886))/250)/(1+(6679+168350+297900+INT(3.08*(6679-815)+2886))/250),1)))) -> 1.0024589 | Q2: =C2/M2/N2/O2/P2 -> 1198.1747
A3: 레어 II | B3: 830 | C3: 7534 | D3: 830 | E3: 유니크 | F3: 11 | K3: =(Q3/Q2-1)*100 -> -0.0049346499 | L3: =(Q3/$Q$2-1)*100 -> -0.0049346499 | M3: =POWER(1.13,N(F3))*POWER(1.17,N(G3))*POWER(1.2,N(H3))*POWER(1.23,N(I3))*POWER(1.26,N(J3)) -> 3.8358612 | N3: =IF(E3="유니크",1.38,IF(E3="레전더리",1.44,IF(E3="에픽",1.5,IF(E3="태초",1.57,1)))) -> 1.38 | O3: =1+IF(D3>=2550,62+INT((D3-2550)/25)*0.5,IF(D3>=2100,50+INT((D3-2100)/25)*0.5,IF(D3>=1650,39+INT((D3-1650)/25)*0.5,IF(D3>=1200,28+INT((D3-1200)/25)*0.5,IF(D3>=750,17+INT((D3-750)/25)*0.5,0)))))/100 -> 1.185 | P3: =IF(E3="유니크",(1+(6679+298+168350+297900+INT(3.08*(6679+298-815)+2886))/250)/(1+(6679+168350+297900+INT(3.08*(6679-815)+2886))/250),IF(E3="레전더리",(1+(6679+350+168350+297900+INT(3.08*(6679+350-815)+2886))/250)/(1+(6679+168350+297900+INT(3.08*(6679-815)+2886))/250),IF(E3="에픽",(1+(6679+400+168350+297900+INT(3.08*(6679+400-815)+2886))/250)/(1+(6679+168350+297900+INT(3.08*(6679-815)+2886))/250),IF(E3="태초",(1+(6679+450+168350+297900+INT(3.08*(6679+450-815)+2886))/250)/(1+(6679+168350+297900+INT(3.08*(6679-815)+2886))/250),1)))) -> 1.0024589 | Q3: =C3/M3/N3/O3/P3 -> 1198.1156
A4: 레어 III | B4: 910 | C4: 7630 | D4: 910 | E4: 유니크 | F4: 11 | K4: =(Q4/Q3-1)*100 -> 0.008295726 | L4: =(Q4/$Q$2-1)*100 -> 0.0033606668 | M4: =POWER(1.13,N(F4))*POWER(1.17,N(G4))*POWER(1.2,N(H4))*POWER(1.23,N(I4))*POWER(1.26,N(J4)) -> 3.8358612 | N4: =IF(E4="유니크",1.38,IF(E4="레전더리",1.44,IF(E4="에픽",1.5,IF(E4="태초",1.57,1)))) -> 1.38 | O4: =1+IF(D4>=2550,62+INT((D4-2550)/25)*0.5,IF(D4>=2100,50+INT((D4-2100)/25)*0.5,IF(D4>=1650,39+INT((D4-1650)/25)*0.5,IF(D4>=1200,28+INT((D4-1200)/25)*0.5,IF(D4>=750,17+INT((D4-750)/25)*0.5,0)))))/100 -> 1.2 | P4: =IF(E4="유니크",(1+(6679+298+168350+297900+INT(3.08*(6679+298-815)+2886))/250)/(1+(6679+168350+297900+INT(3.08*(6679-815)+2886))/250),IF(E4="레전더리",(1+(6679+350+168350+297900+INT(3.08*(6679+350-815)+2886))/250)/(1+(6679+168350+297900+INT(3.08*(6679-815)+2886))/250),IF(E4="에픽",(1+(6679+400+168350+297900+INT(3.08*(6679+400-815)+2886))/250)/(1+(6679+168350+297900+INT(3.08*(6679-815)+2886))/250),IF(E4="태초",(1+(6679+450+168350+297900+INT(3.08*(6679+450-815)+2886))/250)/(1+(6679+168350+297900+INT(3.08*(6679-815)+2886))/250),1)))) -> 1.0024589 | Q4: =C4/M4/N4/O4/P4 -> 1198.215
A5: 레어 IV | B5: 990 | C5: 7725 | D5: 990 | E5: 유니크 | F5: 11 | K5: =(Q5/Q4-1)*100 -> -0.0048541333 | L5: =(Q5/$Q$2-1)*100 -> -0.0014936297 | M5: =POWER(1.13,N(F5))*POWER(1.17,N(G5))*POWER(1.2,N(H5))*POWER(1.23,N(I5))*POWER(1.26,N(J5)) -> 3.8358612 | N5: =IF(E5="유니크",1.38,IF(E5="레전더리",1.44,IF(E5="에픽",1.5,IF(E5="태초",1.57,1)))) -> 1.38 | O5: =1+IF(D5>=2550,62+INT((D5-2550)/25)*0.5,IF(D5>=2100,50+INT((D5-2100)/25)*0.5,IF(D5>=1650,39+INT((D5-1650)/25)*0.5,IF(D5>=1200,28+INT((D5-1200)/25)*0.5,IF(D5>=750,17+INT((D5-750)/25)*0.5,0)))))/100 -> 1.215 | P5: =IF(E5="유니크",(1+(6679+298+168350+297900+INT(3.08*(6679+298-815)+2886))/250)/(1+(6679+168350+297900+INT(3.08*(6679-815)+2886))/250),IF(E5="레전더리",(1+(6679+350+168350+297900+INT(3.08*(6679+350-815)+2886))/250)/(1+(6679+168350+297900+INT(3.08*(6679-815)+2886))/250),IF(E5="에픽",(1+(6679+400+168350+297900+INT(3.08*(6679+400-815)+2886))/250)/(1+(6679+168350+297900+INT(3.08*(6679-815)+2886))/250),IF(E5="태초",(1+(6679+450+168350+297900+INT(3.08*(6679+450-815)+2886))/250)/(1+(6679+168350+297900+INT(3.08*(6679-815)+2886))/250),1)))) -> 1.0024589 | Q5: =C5/M5/N5/O5/P5 -> 1198.1569
A6: 레어 V | B6: 1070 | C6: 7820 | D6: 1070 | E6: 유니크 | F6: 11 | K6: =(Q6/Q5-1)*100 -> -0.0047359697 | L6: =(Q6/$Q$2-1)*100 -> -0.0062295286 | M6: =POWER(1.13,N(F6))*POWER(1.17,N(G6))*POWER(1.2,N(H6))*POWER(1.23,N(I6))*POWER(1.26,N(J6)) -> 3.8358612 | N6: =IF(E6="유니크",1.38,IF(E6="레전더리",1.44,IF(E6="에픽",1.5,IF(E6="태초",1.57,1)))) -> 1.38 | O6: =1+IF(D6>=2550,62+INT((D6-2550)/25)*0.5,IF(D6>=2100,50+INT((D6-2100)/25)*0.5,IF(D6>=1650,39+INT((D6-1650)/25)*0.5,IF(D6>=1200,28+INT((D6-1200)/25)*0.5,IF(D6>=750,17+INT((D6-750)/25)*0.5,0)))))/100 -> 1.23 | P6: =IF(E6="유니크",(1+(6679+298+168350+297900+INT(3.08*(6679+298-815)+2886))/250)/(1+(6679+168350+297900+INT(3.08*(6679-815)+2886))/250),IF(E6="레전더리",(1+(6679+350+168350+297900+INT(3.08*(6679+350-815)+2886))/250)/(1+(6679+168350+297900+INT(3.08*(6679-815)+2886))/250),IF(E6="에픽",(1+(6679+400+168350+297900+INT(3.08*(6679+400-815)+2886))/250)/(1+(6679+168350+297900+INT(3.08*(6679-815)+2886))/250),IF(E6="태초",(1+(6679+450+168350+297900+INT(3.08*(6679+450-815)+2886))/250)/(1+(6679+168350+297900+INT(3.08*(6679-815)+2886))/250),1)))) -> 1.0024589 | Q6: =C6/M6/N6/O6/P6 -> 1198.1001
A7: 유니크 I | B7: 1200 | C7: 16477 | D7: 1200 | E7: 유니크 | G7: 11 | K7: =(Q7/Q6-1)*100 -> 38.097218 | L7: =(Q7/$Q$2-1)*100 -> 38.088615 | M7: =POWER(1.13,N(F7))*POWER(1.17,N(G7))*POWER(1.2,N(H7))*POWER(1.23,N(I7))*POWER(1.26,N(J7)) -> 5.6239892 | N7: =IF(E7="유니크",1.38,IF(E7="레전더리",1.44,IF(E7="에픽",1.5,IF(E7="태초",1.57,1)))) -> 1.38 | O7: =1+IF(D7>=2550,62+INT((D7-2550)/25)*0.5,IF(D7>=2100,50+INT((D7-2100)/25)*0.5,IF(D7>=1650,39+INT((D7-1650)/25)*0.5,IF(D7>=1200,28+INT((D7-1200)/25)*0.5,IF(D7>=750,17+INT((D7-750)/25)*0.5,0)))))/100 -> 1.28 | P7: =IF(E7="유니크",(1+(6679+298+168350+297900+INT(3.08*(6679+298-815)+2886))/250)/(1+(6679+168350+297900+INT(3.08*(6679-815)+2886))/250),IF(E7="레전더리",(1+(6679+350+168350+297900+INT(3.08*(6679+350-815)+2886))/250)/(1+(6679+168350+297900+INT(3.08*(6679-815)+2886))/250),IF(E7="에픽",(1+(6679+400+168350+297900+INT(3.08*(6679+400-815)+2886))/250)/(1+(6679+168350+297900+INT(3.08*(6679-815)+2886))/250),IF(E7="태초",(1+(6679+450+168350+297900+INT(3.08*(6679+450-815)+2886))/250)/(1+(6679+168350+297900+INT(3.08*(6679-815)+2886))/250),1)))) -> 1.0024589 | Q7: =C7/M7/N7/O7/P7 -> 1654.5429
A8: 유니크 II | B8: 1285 | C8: 20179 | D8: 1290 | E8: 레전더리 | G8: 11 | K8: =(Q8/Q7-1)*100 -> 15.955562 | L8: =(Q8/$Q$2-1)*100 -> 60.12143 | M8: =POWER(1.13,N(F8))*POWER(1.17,N(G8))*POWER(1.2,N(H8))*POWER(1.23,N(I8))*POWER(1.26,N(J8)) -> 5.6239892 | N8: =IF(E8="유니크",1.38,IF(E8="레전더리",1.44,IF(E8="에픽",1.5,IF(E8="태초",1.57,1)))) -> 1.44 | O8: =1+IF(D8>=2550,62+INT((D8-2550)/25)*0.5,IF(D8>=2100,50+INT((D8-2100)/25)*0.5,IF(D8>=1650,39+INT((D8-1650)/25)*0.5,IF(D8>=1200,28+INT((D8-1200)/25)*0.5,IF(D8>=750,17+INT((D8-750)/25)*0.5,0)))))/100 -> 1.295 | P8: =IF(E8="유니크",(1+(6679+298+168350+297900+INT(3.08*(6679+298-815)+2886))/250)/(1+(6679+168350+297900+INT(3.08*(6679-815)+2886))/250),IF(E8="레전더리",(1+(6679+350+168350+297900+INT(3.08*(6679+350-815)+2886))/250)/(1+(6679+168350+297900+INT(3.08*(6679-815)+2886))/250),IF(E8="에픽",(1+(6679+400+168350+297900+INT(3.08*(6679+400-815)+2886))/250)/(1+(6679+168350+297900+INT(3.08*(6679-815)+2886))/250),IF(E8="태초",(1+(6679+450+168350+297900+INT(3.08*(6679+450-815)+2886))/250)/(1+(6679+168350+297900+INT(3.08*(6679-815)+2886))/250),1)))) -> 1.00289 | Q8: =C8/M8/N8/O8/P8 -> 1918.5345
A9: 유니크 III | B9: 1370 | C9: 23235 | D9: 1370 | E9: 레전더리 | G9: 11 | K9: =(Q9/Q8-1)*100 -> 13.826009 | L9: =(Q9/$Q$2-1)*100 -> 82.259833 | M9: =POWER(1.13,N(F9))*POWER(1.17,N(G9))*POWER(1.2,N(H9))*POWER(1.23,N(I9))*POWER(1.26,N(J9)) -> 5.6239892 | N9: =IF(E9="유니크",1.38,IF(E9="레전더리",1.44,IF(E9="에픽",1.5,IF(E9="태초",1.57,1)))) -> 1.44 | O9: =1+IF(D9>=2550,62+INT((D9-2550)/25)*0.5,IF(D9>=2100,50+INT((D9-2100)/25)*0.5,IF(D9>=1650,39+INT((D9-1650)/25)*0.5,IF(D9>=1200,28+INT((D9-1200)/25)*0.5,IF(D9>=750,17+INT((D9-750)/25)*0.5,0)))))/100 -> 1.31 | P9: =IF(E9="유니크",(1+(6679+298+168350+297900+INT(3.08*(6679+298-815)+2886))/250)/(1+(6679+168350+297900+INT(3.08*(6679-815)+2886))/250),IF(E9="레전더리",(1+(6679+350+168350+297900+INT(3.08*(6679+350-815)+2886))/250)/(1+(6679+168350+297900+INT(3.08*(6679-815)+2886))/250),IF(E9="에픽",(1+(6679+400+168350+297900+INT(3.08*(6679+400-815)+2886))/250)/(1+(6679+168350+297900+INT(3.08*(6679-815)+2886))/250),IF(E9="태초",(1+(6679+450+168350+297900+INT(3.08*(6679+450-815)+2886))/250)/(1+(6679+168350+297900+INT(3.08*(6679-815)+2886))/250),1)))) -> 1.00289 | Q9: =C9/M9/N9/O9/P9 -> 2183.7913
A10: 유니크 IV | B10: 1455 | C10: 26448 | D10: 1460 | E10: 레전더리 | G10: 11 | K10: =(Q10/Q9-1)*100 -> 12.116573 | L10: =(Q10/$Q$2-1)*100 -> 104.34348 | M10: =POWER(1.13,N(F10))*POWER(1.17,N(G10))*POWER(1.2,N(H10))*POWER(1.23,N(I10))*POWER(1.26,N(J10)) -> 5.6239892 | N10: =IF(E10="유니크",1.38,IF(E10="레전더리",1.44,IF(E10="에픽",1.5,IF(E10="태초",1.57,1)))) -> 1.44 | O10: =1+IF(D10>=2550,62+INT((D10-2550)/25)*0.5,IF(D10>=2100,50+INT((D10-2100)/25)*0.5,IF(D10>=1650,39+INT((D10-1650)/25)*0.5,IF(D10>=1200,28+INT((D10-1200)/25)*0.5,IF(D10>=750,17+INT((D10-750)/25)*0.5,0)))))/100 -> 1.33 | P10: =IF(E10="유니크",(1+(6679+298+168350+297900+INT(3.08*(6679+298-815)+2886))/250)/(1+(6679+168350+297900+INT(3.08*(6679-815)+2886))/250),IF(E10="레전더리",(1+(6679+350+168350+297900+INT(3.08*(6679+350-815)+2886))/250)/(1+(6679+168350+297900+INT(3.08*(6679-815)+2886))/250),IF(E10="에픽",(1+(6679+400+168350+297900+INT(3.08*(6679+400-815)+2886))/250)/(1+(6679+168350+297900+INT(3.08*(6679-815)+2886))/250),IF(E10="태초",(1+(6679+450+168350+297900+INT(3.08*(6679+450-815)+2886))/250)/(1+(6679+168350+297900+INT(3.08*(6679-815)+2886))/250),1)))) -> 1.00289 | Q10: =C10/M10/N10/O10/P10 -> 2448.392
A11: 유니크 V | B11: 1540 | C11: 29626 | D11: 1540 | E11: 레전더리 | G11: 11 | K11: =(Q11/Q10-1)*100 -> 10.766782 | L11: =(Q11/$Q$2-1)*100 -> 126.3447 | M11: =POWER(1.13,N(F11))*POWER(1.17,N(G11))*POWER(1.2,N(H11))*POWER(1.23,N(I11))*POWER(1.26,N(J11)) -> 5.6239892 | N11: =IF(E11="유니크",1.38,IF(E11="레전더리",1.44,IF(E11="에픽",1.5,IF(E11="태초",1.57,1)))) -> 1.44 | O11: =1+IF(D11>=2550,62+INT((D11-2550)/25)*0.5,IF(D11>=2100,50+INT((D11-2100)/25)*0.5,IF(D11>=1650,39+INT((D11-1650)/25)*0.5,IF(D11>=1200,28+INT((D11-1200)/25)*0.5,IF(D11>=750,17+INT((D11-750)/25)*0.5,0)))))/100 -> 1.345 | P11: =IF(E11="유니크",(1+(6679+298+168350+297900+INT(3.08*(6679+298-815)+2886))/250)/(1+(6679+168350+297900+INT(3.08*(6679-815)+2886))/250),IF(E11="레전더리",(1+(6679+350+168350+297900+INT(3.08*(6679+350-815)+2886))/250)/(1+(6679+168350+297900+INT(3.08*(6679-815)+2886))/250),IF(E11="에픽",(1+(6679+400+168350+297900+INT(3.08*(6679+400-815)+2886))/250)/(1+(6679+168350+297900+INT(3.08*(6679-815)+2886))/250),IF(E11="태초",(1+(6679+450+168350+297900+INT(3.08*(6679+450-815)+2886))/250)/(1+(6679+168350+297900+INT(3.08*(6679-815)+2886))/250),1)))) -> 1.00289 | Q11: =C11/M11/N11/O11/P11 -> 2712.005
A12: 레전더리 I | B12: 1650 | C12: 38681 | D12: 1650 | E12: 레전더리 | G12: 8 | H12: 3 | K12: =(Q12/Q11-1)*100 -> 17.097064 | L12: =(Q12/$Q$2-1)*100 -> 165.04299 | M12: =POWER(1.13,N(F12))*POWER(1.17,N(G12))*POWER(1.2,N(H12))*POWER(1.23,N(I12))*POWER(1.26,N(J12)) -> 6.0677913 | N12: =IF(E12="유니크",1.38,IF(E12="레전더리",1.44,IF(E12="에픽",1.5,IF(E12="태초",1.57,1)))) -> 1.44 | O12: =1+IF(D12>=2550,62+INT((D12-2550)/25)*0.5,IF(D12>=2100,50+INT((D12-2100)/25)*0.5,IF(D12>=1650,39+INT((D12-1650)/25)*0.5,IF(D12>=1200,28+INT((D12-1200)/25)*0.5,IF(D12>=750,17+INT((D12-750)/25)*0.5,0)))))/100 -> 1.39 | P12: =IF(E12="유니크",(1+(6679+298+168350+297900+INT(3.08*(6679+298-815)+2886))/250)/(1+(6679+168350+297900+INT(3.08*(6679-815)+2886))/250),IF(E12="레전더리",(1+(6679+350+168350+297900+INT(3.08*(6679+350-815)+2886))/250)/(1+(6679+168350+297900+INT(3.08*(6679-815)+2886))/250),IF(E12="에픽",(1+(6679+400+168350+297900+INT(3.08*(6679+400-815)+2886))/250)/(1+(6679+168350+297900+INT(3.08*(6679-815)+2886))/250),IF(E12="태초",(1+(6679+450+168350+297900+INT(3.08*(6679+450-815)+2886))/250)/(1+(6679+168350+297900+INT(3.08*(6679-815)+2886))/250),1)))) -> 1.00289 | Q12: =C12/M12/N12/O12/P12 -> 3175.6782
A13: 레전더리 II | B13: 1735 | C13: 52879 | D13: 1740 | E13: 레전더리 | H13: 11 | K13: =(Q13/Q12-1)*100 -> 10.448785 | L13: =(Q13/$Q$2-1)*100 -> 192.73676 | M13: =POWER(1.13,N(F13))*POWER(1.17,N(G13))*POWER(1.2,N(H13))*POWER(1.23,N(I13))*POWER(1.26,N(J13)) -> 7.4300837 | N13: =IF(E13="유니크",1.38,IF(E13="레전더리",1.44,IF(E13="에픽",1.5,IF(E13="태초",1.57,1)))) -> 1.44 | O13: =1+IF(D13>=2550,62+INT((D13-2550)/25)*0.5,IF(D13>=2100,50+INT((D13-2100)/25)*0.5,IF(D13>=1650,39+INT((D13-1650)/25)*0.5,IF(D13>=1200,28+INT((D13-1200)/25)*0.5,IF(D13>=750,17+INT((D13-750)/25)*0.5,0)))))/100 -> 1.405 | P13: =IF(E13="유니크",(1+(6679+298+168350+297900+INT(3.08*(6679+298-815)+2886))/250)/(1+(6679+168350+297900+INT(3.08*(6679-815)+2886))/250),IF(E13="레전더리",(1+(6679+350+168350+297900+INT(3.08*(6679+350-815)+2886))/250)/(1+(6679+168350+297900+INT(3.08*(6679-815)+2886))/250),IF(E13="에픽",(1+(6679+400+168350+297900+INT(3.08*(6679+400-815)+2886))/250)/(1+(6679+168350+297900+INT(3.08*(6679-815)+2886))/250),IF(E13="태초",(1+(6679+450+168350+297900+INT(3.08*(6679+450-815)+2886))/250)/(1+(6679+168350+297900+INT(3.08*(6679-815)+2886))/250),1)))) -> 1.00289 | Q13: =C13/M13/N13/O13/P13 -> 3507.498
A14: 레전더리 III | B14: 1820 | C14: 58464 | D14: 1820 | E14: 레전더리 | H14: 11 | K14: =(Q14/Q13-1)*100 -> 9.3939419 | L14: =(Q14/$Q$2-1)*100 -> 220.23629 | M14: =POWER(1.13,N(F14))*POWER(1.17,N(G14))*POWER(1.2,N(H14))*POWER(1.23,N(I14))*POWER(1.26,N(J14)) -> 7.4300837 | N14: =IF(E14="유니크",1.38,IF(E14="레전더리",1.44,IF(E14="에픽",1.5,IF(E14="태초",1.57,1)))) -> 1.44 | O14: =1+IF(D14>=2550,62+INT((D14-2550)/25)*0.5,IF(D14>=2100,50+INT((D14-2100)/25)*0.5,IF(D14>=1650,39+INT((D14-1650)/25)*0.5,IF(D14>=1200,28+INT((D14-1200)/25)*0.5,IF(D14>=750,17+INT((D14-750)/25)*0.5,0)))))/100 -> 1.42 | P14: =IF(E14="유니크",(1+(6679+298+168350+297900+INT(3.08*(6679+298-815)+2886))/250)/(1+(6679+168350+297900+INT(3.08*(6679-815)+2886))/250),IF(E14="레전더리",(1+(6679+350+168350+297900+INT(3.08*(6679+350-815)+2886))/250)/(1+(6679+168350+297900+INT(3.08*(6679-815)+2886))/250),IF(E14="에픽",(1+(6679+400+168350+297900+INT(3.08*(6679+400-815)+2886))/250)/(1+(6679+168350+297900+INT(3.08*(6679-815)+2886))/250),IF(E14="태초",(1+(6679+450+168350+297900+INT(3.08*(6679+450-815)+2886))/250)/(1+(6679+168350+297900+INT(3.08*(6679-815)+2886))/250),1)))) -> 1.00289 | Q14: =C14/M14/N14/O14/P14 -> 3836.9903
A15: 레전더리 IV | B15: 1905 | C15: 64395 | D15: 1910 | E15: 레전더리 | H15: 11 | K15: =(Q15/Q14-1)*100 -> 8.6149169 | L15: =(Q15/$Q$2-1)*100 -> 247.82438 | M15: =POWER(1.13,N(F15))*POWER(1.17,N(G15))*POWER(1.2,N(H15))*POWER(1.23,N(I15))*POWER(1.26,N(J15)) -> 7.4300837 | N15: =IF(E15="유니크",1.38,IF(E15="레전더리",1.44,IF(E15="에픽",1.5,IF(E15="태초",1.57,1)))) -> 1.44 | O15: =1+IF(D15>=2550,62+INT((D15-2550)/25)*0.5,IF(D15>=2100,50+INT((D15-2100)/25)*0.5,IF(D15>=1650,39+INT((D15-1650)/25)*0.5,IF(D15>=1200,28+INT((D15-1200)/25)*0.5,IF(D15>=750,17+INT((D15-750)/25)*0.5,0)))))/100 -> 1.44 | P15: =IF(E15="유니크",(1+(6679+298+168350+297900+INT(3.08*(6679+298-815)+2886))/250)/(1+(6679+168350+297900+INT(3.08*(6679-815)+2886))/250),IF(E15="레전더리",(1+(6679+350+168350+297900+INT(3.08*(6679+350-815)+2886))/250)/(1+(6679+168350+297900+INT(3.08*(6679-815)+2886))/250),IF(E15="에픽",(1+(6679+400+168350+297900+INT(3.08*(6679+400-815)+2886))/250)/(1+(6679+168350+297900+INT(3.08*(6679-815)+2886))/250),IF(E15="태초",(1+(6679+450+168350+297900+INT(3.08*(6679+450-815)+2886))/250)/(1+(6679+168350+297900+INT(3.08*(6679-815)+2886))/250),1)))) -> 1.00289 | Q15: =C15/M15/N15/O15/P15 -> 4167.5438
A16: 레전더리 V | B16: 1990 | C16: 70249 | D16: 1990 | E16: 레전더리 | H16: 11 | K16: =(Q16/Q15-1)*100 -> 7.9661208 | L16: =(Q16/$Q$2-1)*100 -> 275.53249 | M16: =POWER(1.13,N(F16))*POWER(1.17,N(G16))*POWER(1.2,N(H16))*POWER(1.23,N(I16))*POWER(1.26,N(J16)) -> 7.4300837 | N16: =IF(E16="유니크",1.38,IF(E16="레전더리",1.44,IF(E16="에픽",1.5,IF(E16="태초",1.57,1)))) -> 1.44 | O16: =1+IF(D16>=2550,62+INT((D16-2550)/25)*0.5,IF(D16>=2100,50+INT((D16-2100)/25)*0.5,IF(D16>=1650,39+INT((D16-1650)/25)*0.5,IF(D16>=1200,28+INT((D16-1200)/25)*0.5,IF(D16>=750,17+INT((D16-750)/25)*0.5,0)))))/100 -> 1.455 | P16: =IF(E16="유니크",(1+(6679+298+168350+297900+INT(3.08*(6679+298-815)+2886))/250)/(1+(6679+168350+297900+INT(3.08*(6679-815)+2886))/250),IF(E16="레전더리",(1+(6679+350+168350+297900+INT(3.08*(6679+350-815)+2886))/250)/(1+(6679+168350+297900+INT(3.08*(6679-815)+2886))/250),IF(E16="에픽",(1+(6679+400+168350+297900+INT(3.08*(6679+400-815)+2886))/250)/(1+(6679+168350+297900+INT(3.08*(6679-815)+2886))/250),IF(E16="태초",(1+(6679+450+168350+297900+INT(3.08*(6679+450-815)+2886))/250)/(1+(6679+168350+297900+INT(3.08*(6679-815)+2886))/250),1)))) -> 1.00289 | Q16: =C16/M16/N16/O16/P16 -> 4499.5354
A17: 에픽 I | B17: 2100 | C17: 91713 | D17: 2100 | E17: 레전더리 | H17: 7 | I17: 4 | K17: =(Q17/Q16-1)*100 -> 14.727367 | L17: =(Q17/$Q$2-1)*100 -> 330.83853 | M17: =POWER(1.13,N(F17))*POWER(1.17,N(G17))*POWER(1.2,N(H17))*POWER(1.23,N(I17))*POWER(1.26,N(J17)) -> 8.2014222 | N17: =IF(E17="유니크",1.38,IF(E17="레전더리",1.44,IF(E17="에픽",1.5,IF(E17="태초",1.57,1)))) -> 1.44 | O17: =1+IF(D17>=2550,62+INT((D17-2550)/25)*0.5,IF(D17>=2100,50+INT((D17-2100)/25)*0.5,IF(D17>=1650,39+INT((D17-1650)/25)*0.5,IF(D17>=1200,28+INT((D17-1200)/25)*0.5,IF(D17>=750,17+INT((D17-750)/25)*0.5,0)))))/100 -> 1.5 | P17: =IF(E17="유니크",(1+(6679+298+168350+297900+INT(3.08*(6679+298-815)+2886))/250)/(1+(6679+168350+297900+INT(3.08*(6679-815)+2886))/250),IF(E17="레전더리",(1+(6679+350+168350+297900+INT(3.08*(6679+350-815)+2886))/250)/(1+(6679+168350+297900+INT(3.08*(6679-815)+2886))/250),IF(E17="에픽",(1+(6679+400+168350+297900+INT(3.08*(6679+400-815)+2886))/250)/(1+(6679+168350+297900+INT(3.08*(6679-815)+2886))/250),IF(E17="태초",(1+(6679+450+168350+297900+INT(3.08*(6679+450-815)+2886))/250)/(1+(6679+168350+297900+INT(3.08*(6679-815)+2886))/250),1)))) -> 1.00289 | Q17: =C17/M17/N17/O17/P17 -> 5162.1985
A18: 에픽 II | B18: 2185 | C18: 119877 | D18: 2190 | E18: 레전더리 | H18: 1 | I18: 9 | J18: 1 | K18: =(Q18/Q17-1)*100 -> 8.9368884 | L18: =(Q18/$Q$2-1)*100 -> 369.34209 | M18: =POWER(1.13,N(F18))*POWER(1.17,N(G18))*POWER(1.2,N(H18))*POWER(1.23,N(I18))*POWER(1.26,N(J18)) -> 9.7431142 | N18: =IF(E18="유니크",1.38,IF(E18="레전더리",1.44,IF(E18="에픽",1.5,IF(E18="태초",1.57,1)))) -> 1.44 | O18: =1+IF(D18>=2550,62+INT((D18-2550)/25)*0.5,IF(D18>=2100,50+INT((D18-2100)/25)*0.5,IF(D18>=1650,39+INT((D18-1650)/25)*0.5,IF(D18>=1200,28+INT((D18-1200)/25)*0.5,IF(D18>=750,17+INT((D18-750)/25)*0.5,0)))))/100 -> 1.515 | P18: =IF(E18="유니크",(1+(6679+298+168350+297900+INT(3.08*(6679+298-815)+2886))/250)/(1+(6679+168350+297900+INT(3.08*(6679-815)+2886))/250),IF(E18="레전더리",(1+(6679+350+168350+297900+INT(3.08*(6679+350-815)+2886))/250)/(1+(6679+168350+297900+INT(3.08*(6679-815)+2886))/250),IF(E18="에픽",(1+(6679+400+168350+297900+INT(3.08*(6679+400-815)+2886))/250)/(1+(6679+168350+297900+INT(3.08*(6679-815)+2886))/250),IF(E18="태초",(1+(6679+450+168350+297900+INT(3.08*(6679+450-815)+2886))/250)/(1+(6679+168350+297900+INT(3.08*(6679-815)+2886))/250),1)))) -> 1.00289 | Q18: =C18/M18/N18/O18/P18 -> 5623.5384
A19: 에픽 III | B19: 2270 | C19: 134344 | D19: 2270 | E19: 레전더리 | I19: 10 | J19: 1 | K19: =(Q19/Q18-1)*100 -> 8.2629223 | L19: =(Q19/$Q$2-1)*100 -> 408.12346 | M19: =POWER(1.13,N(F19))*POWER(1.17,N(G19))*POWER(1.2,N(H19))*POWER(1.23,N(I19))*POWER(1.26,N(J19)) -> 9.9866921 | N19: =IF(E19="유니크",1.38,IF(E19="레전더리",1.44,IF(E19="에픽",1.5,IF(E19="태초",1.57,1)))) -> 1.44 | O19: =1+IF(D19>=2550,62+INT((D19-2550)/25)*0.5,IF(D19>=2100,50+INT((D19-2100)/25)*0.5,IF(D19>=1650,39+INT((D19-1650)/25)*0.5,IF(D19>=1200,28+INT((D19-1200)/25)*0.5,IF(D19>=750,17+INT((D19-750)/25)*0.5,0)))))/100 -> 1.53 | P19: =IF(E19="유니크",(1+(6679+298+168350+297900+INT(3.08*(6679+298-815)+2886))/250)/(1+(6679+168350+297900+INT(3.08*(6679-815)+2886))/250),IF(E19="레전더리",(1+(6679+350+168350+297900+INT(3.08*(6679+350-815)+2886))/250)/(1+(6679+168350+297900+INT(3.08*(6679-815)+2886))/250),IF(E19="에픽",(1+(6679+400+168350+297900+INT(3.08*(6679+400-815)+2886))/250)/(1+(6679+168350+297900+INT(3.08*(6679-815)+2886))/250),IF(E19="태초",(1+(6679+450+168350+297900+INT(3.08*(6679+450-815)+2886))/250)/(1+(6679+168350+297900+INT(3.08*(6679-815)+2886))/250),1)))) -> 1.00289 | Q19: =C19/M19/N19/O19/P19 -> 6088.207
A20: 에픽 IV | B20: 2355 | C20: 146448 | D20: 2360 | E20: 레전더리 | I20: 10 | J20: 1 | K20: =(Q20/Q19-1)*100 -> 7.6031296 | L20: =(Q20/$Q$2-1)*100 -> 446.75675 | M20: =POWER(1.13,N(F20))*POWER(1.17,N(G20))*POWER(1.2,N(H20))*POWER(1.23,N(I20))*POWER(1.26,N(J20)) -> 9.9866921 | N20: =IF(E20="유니크",1.38,IF(E20="레전더리",1.44,IF(E20="에픽",1.5,IF(E20="태초",1.57,1)))) -> 1.44 | O20: =1+IF(D20>=2550,62+INT((D20-2550)/25)*0.5,IF(D20>=2100,50+INT((D20-2100)/25)*0.5,IF(D20>=1650,39+INT((D20-1650)/25)*0.5,IF(D20>=1200,28+INT((D20-1200)/25)*0.5,IF(D20>=750,17+INT((D20-750)/25)*0.5,0)))))/100 -> 1.55 | P20: =IF(E20="유니크",(1+(6679+298+168350+297900+INT(3.08*(6679+298-815)+2886))/250)/(1+(6679+168350+297900+INT(3.08*(6679-815)+2886))/250),IF(E20="레전더리",(1+(6679+350+168350+297900+INT(3.08*(6679+350-815)+2886))/250)/(1+(6679+168350+297900+INT(3.08*(6679-815)+2886))/250),IF(E20="에픽",(1+(6679+400+168350+297900+INT(3.08*(6679+400-815)+2886))/250)/(1+(6679+168350+297900+INT(3.08*(6679-815)+2886))/250),IF(E20="태초",(1+(6679+450+168350+297900+INT(3.08*(6679+450-815)+2886))/250)/(1+(6679+168350+297900+INT(3.08*(6679-815)+2886))/250),1)))) -> 1.00289 | Q20: =C20/M20/N20/O20/P20 -> 6551.1013
A21: 에픽 V | B21: 2440 | C21: 158269 | D21: 2440 | E21: 레전더리 | I21: 10 | J21: 1 | K21: =(Q21/Q20-1)*100 -> 7.035975 | L21: =(Q21/$Q$2-1)*100 -> 485.22642 | M21: =POWER(1.13,N(F21))*POWER(1.17,N(G21))*POWER(1.2,N(H21))*POWER(1.23,N(I21))*POWER(1.26,N(J21)) -> 9.9866921 | N21: =IF(E21="유니크",1.38,IF(E21="레전더리",1.44,IF(E21="에픽",1.5,IF(E21="태초",1.57,1)))) -> 1.44 | O21: =1+IF(D21>=2550,62+INT((D21-2550)/25)*0.5,IF(D21>=2100,50+INT((D21-2100)/25)*0.5,IF(D21>=1650,39+INT((D21-1650)/25)*0.5,IF(D21>=1200,28+INT((D21-1200)/25)*0.5,IF(D21>=750,17+INT((D21-750)/25)*0.5,0)))))/100 -> 1.565 | P21: =IF(E21="유니크",(1+(6679+298+168350+297900+INT(3.08*(6679+298-815)+2886))/250)/(1+(6679+168350+297900+INT(3.08*(6679-815)+2886))/250),IF(E21="레전더리",(1+(6679+350+168350+297900+INT(3.08*(6679+350-815)+2886))/250)/(1+(6679+168350+297900+INT(3.08*(6679-815)+2886))/250),IF(E21="에픽",(1+(6679+400+168350+297900+INT(3.08*(6679+400-815)+2886))/250)/(1+(6679+168350+297900+INT(3.08*(6679-815)+2886))/250),IF(E21="태초",(1+(6679+450+168350+297900+INT(3.08*(6679+450-815)+2886))/250)/(1+(6679+168350+297900+INT(3.08*(6679-815)+2886))/250),1)))) -> 1.00289 | Q21: =C21/M21/N21/O21/P21 -> 7012.0352
A22: 태초 | B22: 2550 | C22: 193306 | D22: 2550 | E22: 에픽 | I22: 10 | J22: 1 | K22: =(Q22/Q21-1)*100 -> 13.224729 | L22: =(Q22/$Q$2-1)*100 -> 562.62103 | M22: =POWER(1.13,N(F22))*POWER(1.17,N(G22))*POWER(1.2,N(H22))*POWER(1.23,N(I22))*POWER(1.26,N(J22)) -> 9.9866921 | N22: =IF(E22="유니크",1.38,IF(E22="레전더리",1.44,IF(E22="에픽",1.5,IF(E22="태초",1.57,1)))) -> 1.5 | O22: =1+IF(D22>=2550,62+INT((D22-2550)/25)*0.5,IF(D22>=2100,50+INT((D22-2100)/25)*0.5,IF(D22>=1650,39+INT((D22-1650)/25)*0.5,IF(D22>=1200,28+INT((D22-1200)/25)*0.5,IF(D22>=750,17+INT((D22-750)/25)*0.5,0)))))/100 -> 1.62 | P22: =IF(E22="유니크",(1+(6679+298+168350+297900+INT(3.08*(6679+298-815)+2886))/250)/(1+(6679+168350+297900+INT(3.08*(6679-815)+2886))/250),IF(E22="레전더리",(1+(6679+350+168350+297900+INT(3.08*(6679+350-815)+2886))/250)/(1+(6679+168350+297900+INT(3.08*(6679-815)+2886))/250),IF(E22="에픽",(1+(6679+400+168350+297900+INT(3.08*(6679+400-815)+2886))/250)/(1+(6679+168350+297900+INT(3.08*(6679-815)+2886))/250),IF(E22="태초",(1+(6679+450+168350+297900+INT(3.08*(6679+450-815)+2886))/250)/(1+(6679+168350+297900+INT(3.08*(6679-815)+2886))/250),1)))) -> 1.0033028 | Q22: =C22/M22/N22/O22/P22 -> 7939.3578
A24: 기준 캐릭터 | C24: 기준 장비점수 | D24: 기준 서약 포인트 | E24: 서약 등급 | F24: 기준스탯 | G24: 레어 | H24: 유니크 | I24: 레전 | J24: 에픽 | K24: 태초
A25: 마키로그 | C25: 158269 | D25: 2440 | E25: 레전더리 | F25: 6679 | G25: 0 | H25: 0 | I25: 0 | J25: 10 | K25: 1

Sheet 무기
A1: 세트단계 | B1: 변경 후 장비점수 | C1: 변경 후 세트포인트 | D1: 서약 등급 | E1: 단계 증가량(%) | F1: 누적 증가량(%) | G1: 결정배율 | H1: 서약등급배율 | I1: 가호최종뎀배율
A2: 레어 I | B2: 7439 | C2: 760 | D2: 유니크 | E2: =0 -> 0 | F2: =(#REF!/#REF!-1)*100 -> #REF! | G2: =POWER(1.13,N(#REF!))*POWER(1.17,N(#REF!))*POWER(1.2,N(#REF!))*POWER(1.23,N(#REF!))*POWER(1.26,N(#REF!)) -> #REF! | H2: =IF(D2="유니크",1.38,IF(D2="레전더리",1.44,IF(D2="에픽",1.5,IF(D2="태초",1.57,1)))) -> 1.38 | I2: =1+IF(C2>=2550,62+INT((C2-2550)/25)*0.5,IF(C2>=2100,50+INT((C2-2100)/25)*0.5,IF(C2>=1650,39+INT((C2-1650)/25)*0.5,IF(C2>=1200,28+INT((C2-1200)/25)*0.5,IF(C2>=750,17+INT((C2-750)/25)*0.5,0)))))/100 -> 1.17
A3: 레어 II | B3: 7534 | C3: 830 | D3: 유니크 | E3: =(#REF!/#REF!-1)*100 -> #REF! | F3: =(#REF!/#REF!-1)*100 -> #REF! | G3: =POWER(1.13,N(#REF!))*POWER(1.17,N(#REF!))*POWER(1.2,N(#REF!))*POWER(1.23,N(#REF!))*POWER(1.26,N(#REF!)) -> #REF! | H3: =IF(D3="유니크",1.38,IF(D3="레전더리",1.44,IF(D3="에픽",1.5,IF(D3="태초",1.57,1)))) -> 1.38 | I3: =1+IF(C3>=2550,62+INT((C3-2550)/25)*0.5,IF(C3>=2100,50+INT((C3-2100)/25)*0.5,IF(C3>=1650,39+INT((C3-1650)/25)*0.5,IF(C3>=1200,28+INT((C3-1200)/25)*0.5,IF(C3>=750,17+INT((C3-750)/25)*0.5,0)))))/100 -> 1.185
A4: 레어 III | B4: 7630 | C4: 910 | D4: 유니크 | E4: =(#REF!/#REF!-1)*100 -> #REF! | F4: =(#REF!/#REF!-1)*100 -> #REF! | G4: =POWER(1.13,N(#REF!))*POWER(1.17,N(#REF!))*POWER(1.2,N(#REF!))*POWER(1.23,N(#REF!))*POWER(1.26,N(#REF!)) -> #REF! | H4: =IF(D4="유니크",1.38,IF(D4="레전더리",1.44,IF(D4="에픽",1.5,IF(D4="태초",1.57,1)))) -> 1.38 | I4: =1+IF(C4>=2550,62+INT((C4-2550)/25)*0.5,IF(C4>=2100,50+INT((C4-2100)/25)*0.5,IF(C4>=1650,39+INT((C4-1650)/25)*0.5,IF(C4>=1200,28+INT((C4-1200)/25)*0.5,IF(C4>=750,17+INT((C4-750)/25)*0.5,0)))))/100 -> 1.2
A5: 레어 IV | B5: 7725 | C5: 990 | D5: 유니크 | E5: =(#REF!/#REF!-1)*100 -> #REF! | F5: =(#REF!/#REF!-1)*100 -> #REF! | G5: =POWER(1.13,N(#REF!))*POWER(1.17,N(#REF!))*POWER(1.2,N(#REF!))*POWER(1.23,N(#REF!))*POWER(1.26,N(#REF!)) -> #REF! | H5: =IF(D5="유니크",1.38,IF(D5="레전더리",1.44,IF(D5="에픽",1.5,IF(D5="태초",1.57,1)))) -> 1.38 | I5: =1+IF(C5>=2550,62+INT((C5-2550)/25)*0.5,IF(C5>=2100,50+INT((C5-2100)/25)*0.5,IF(C5>=1650,39+INT((C5-1650)/25)*0.5,IF(C5>=1200,28+INT((C5-1200)/25)*0.5,IF(C5>=750,17+INT((C5-750)/25)*0.5,0)))))/100 -> 1.215
A6: 레어 V | B6: 7820 | C6: 1070 | D6: 유니크 | E6: =(#REF!/#REF!-1)*100 -> #REF! | F6: =(#REF!/#REF!-1)*100 -> #REF! | G6: =POWER(1.13,N(#REF!))*POWER(1.17,N(#REF!))*POWER(1.2,N(#REF!))*POWER(1.23,N(#REF!))*POWER(1.26,N(#REF!)) -> #REF! | H6: =IF(D6="유니크",1.38,IF(D6="레전더리",1.44,IF(D6="에픽",1.5,IF(D6="태초",1.57,1)))) -> 1.38 | I6: =1+IF(C6>=2550,62+INT((C6-2550)/25)*0.5,IF(C6>=2100,50+INT((C6-2100)/25)*0.5,IF(C6>=1650,39+INT((C6-1650)/25)*0.5,IF(C6>=1200,28+INT((C6-1200)/25)*0.5,IF(C6>=750,17+INT((C6-750)/25)*0.5,0)))))/100 -> 1.23
A7: 유니크 I | B7: 16477 | C7: 1200 | D7: 유니크 | E7: =(#REF!/#REF!-1)*100 -> #REF! | F7: =(#REF!/#REF!-1)*100 -> #REF! | G7: =POWER(1.13,N(#REF!))*POWER(1.17,N(#REF!))*POWER(1.2,N(#REF!))*POWER(1.23,N(#REF!))*POWER(1.26,N(#REF!)) -> #REF! | H7: =IF(D7="유니크",1.38,IF(D7="레전더리",1.44,IF(D7="에픽",1.5,IF(D7="태초",1.57,1)))) -> 1.38 | I7: =1+IF(C7>=2550,62+INT((C7-2550)/25)*0.5,IF(C7>=2100,50+INT((C7-2100)/25)*0.5,IF(C7>=1650,39+INT((C7-1650)/25)*0.5,IF(C7>=1200,28+INT((C7-1200)/25)*0.5,IF(C7>=750,17+INT((C7-750)/25)*0.5,0)))))/100 -> 1.28
A8: 유니크 II | B8: 20179 | C8: 1290 | D8: 레전더리 | E8: =(#REF!/#REF!-1)*100 -> #REF! | F8: =(#REF!/#REF!-1)*100 -> #REF! | G8: =POWER(1.13,N(#REF!))*POWER(1.17,N(#REF!))*POWER(1.2,N(#REF!))*POWER(1.23,N(#REF!))*POWER(1.26,N(#REF!)) -> #REF! | H8: =IF(D8="유니크",1.38,IF(D8="레전더리",1.44,IF(D8="에픽",1.5,IF(D8="태초",1.57,1)))) -> 1.44 | I8: =1+IF(C8>=2550,62+INT((C8-2550)/25)*0.5,IF(C8>=2100,50+INT((C8-2100)/25)*0.5,IF(C8>=1650,39+INT((C8-1650)/25)*0.5,IF(C8>=1200,28+INT((C8-1200)/25)*0.5,IF(C8>=750,17+INT((C8-750)/25)*0.5,0)))))/100 -> 1.295
A9: 유니크 III | B9: 23235 | C9: 1370 | D9: 레전더리 | E9: =(#REF!/#REF!-1)*100 -> #REF! | F9: =(#REF!/#REF!-1)*100 -> #REF! | G9: =POWER(1.13,N(#REF!))*POWER(1.17,N(#REF!))*POWER(1.2,N(#REF!))*POWER(1.23,N(#REF!))*POWER(1.26,N(#REF!)) -> #REF! | H9: =IF(D9="유니크",1.38,IF(D9="레전더리",1.44,IF(D9="에픽",1.5,IF(D9="태초",1.57,1)))) -> 1.44 | I9: =1+IF(C9>=2550,62+INT((C9-2550)/25)*0.5,IF(C9>=2100,50+INT((C9-2100)/25)*0.5,IF(C9>=1650,39+INT((C9-1650)/25)*0.5,IF(C9>=1200,28+INT((C9-1200)/25)*0.5,IF(C9>=750,17+INT((C9-750)/25)*0.5,0)))))/100 -> 1.31
A10: 유니크 IV | B10: 26448 | C10: 1460 | D10: 레전더리 | E10: =(#REF!/#REF!-1)*100 -> #REF! | F10: =(#REF!/#REF!-1)*100 -> #REF! | G10: =POWER(1.13,N(#REF!))*POWER(1.17,N(#REF!))*POWER(1.2,N(#REF!))*POWER(1.23,N(#REF!))*POWER(1.26,N(#REF!)) -> #REF! | H10: =IF(D10="유니크",1.38,IF(D10="레전더리",1.44,IF(D10="에픽",1.5,IF(D10="태초",1.57,1)))) -> 1.44 | I10: =1+IF(C10>=2550,62+INT((C10-2550)/25)*0.5,IF(C10>=2100,50+INT((C10-2100)/25)*0.5,IF(C10>=1650,39+INT((C10-1650)/25)*0.5,IF(C10>=1200,28+INT((C10-1200)/25)*0.5,IF(C10>=750,17+INT((C10-750)/25)*0.5,0)))))/100 -> 1.33
A11: 유니크 V | B11: 29626 | C11: 1540 | D11: 레전더리 | E11: =(#REF!/#REF!-1)*100 -> #REF! | F11: =(#REF!/#REF!-1)*100 -> #REF! | G11: =POWER(1.13,N(#REF!))*POWER(1.17,N(#REF!))*POWER(1.2,N(#REF!))*POWER(1.23,N(#REF!))*POWER(1.26,N(#REF!)) -> #REF! | H11: =IF(D11="유니크",1.38,IF(D11="레전더리",1.44,IF(D11="에픽",1.5,IF(D11="태초",1.57,1)))) -> 1.44 | I11: =1+IF(C11>=2550,62+INT((C11-2550)/25)*0.5,IF(C11>=2100,50+INT((C11-2100)/25)*0.5,IF(C11>=1650,39+INT((C11-1650)/25)*0.5,IF(C11>=1200,28+INT((C11-1200)/25)*0.5,IF(C11>=750,17+INT((C11-750)/25)*0.5,0)))))/100 -> 1.345
A12: 레전더리 I | B12: 38681 | C12: 1650 | D12: 레전더리 | E12: =(#REF!/#REF!-1)*100 -> #REF! | F12: =(#REF!/#REF!-1)*100 -> #REF! | G12: =POWER(1.13,N(#REF!))*POWER(1.17,N(#REF!))*POWER(1.2,N(#REF!))*POWER(1.23,N(#REF!))*POWER(1.26,N(#REF!)) -> #REF! | H12: =IF(D12="유니크",1.38,IF(D12="레전더리",1.44,IF(D12="에픽",1.5,IF(D12="태초",1.57,1)))) -> 1.44 | I12: =1+IF(C12>=2550,62+INT((C12-2550)/25)*0.5,IF(C12>=2100,50+INT((C12-2100)/25)*0.5,IF(C12>=1650,39+INT((C12-1650)/25)*0.5,IF(C12>=1200,28+INT((C12-1200)/25)*0.5,IF(C12>=750,17+INT((C12-750)/25)*0.5,0)))))/100 -> 1.39
A13: 레전더리 II | B13: 52879 | C13: 1740 | D13: 레전더리 | E13: =(#REF!/#REF!-1)*100 -> #REF! | F13: =(#REF!/#REF!-1)*100 -> #REF! | G13: =POWER(1.13,N(#REF!))*POWER(1.17,N(#REF!))*POWER(1.2,N(#REF!))*POWER(1.23,N(#REF!))*POWER(1.26,N(#REF!)) -> #REF! | H13: =IF(D13="유니크",1.38,IF(D13="레전더리",1.44,IF(D13="에픽",1.5,IF(D13="태초",1.57,1)))) -> 1.44 | I13: =1+IF(C13>=2550,62+INT((C13-2550)/25)*0.5,IF(C13>=2100,50+INT((C13-2100)/25)*0.5,IF(C13>=1650,39+INT((C13-1650)/25)*0.5,IF(C13>=1200,28+INT((C13-1200)/25)*0.5,IF(C13>=750,17+INT((C13-750)/25)*0.5,0)))))/100 -> 1.405
A14: 레전더리 III | B14: 58464 | C14: 1820 | D14: 레전더리 | E14: =(#REF!/#REF!-1)*100 -> #REF! | F14: =(#REF!/#REF!-1)*100 -> #REF! | G14: =POWER(1.13,N(#REF!))*POWER(1.17,N(#REF!))*POWER(1.2,N(#REF!))*POWER(1.23,N(#REF!))*POWER(1.26,N(#REF!)) -> #REF! | H14: =IF(D14="유니크",1.38,IF(D14="레전더리",1.44,IF(D14="에픽",1.5,IF(D14="태초",1.57,1)))) -> 1.44 | I14: =1+IF(C14>=2550,62+INT((C14-2550)/25)*0.5,IF(C14>=2100,50+INT((C14-2100)/25)*0.5,IF(C14>=1650,39+INT((C14-1650)/25)*0.5,IF(C14>=1200,28+INT((C14-1200)/25)*0.5,IF(C14>=750,17+INT((C14-750)/25)*0.5,0)))))/100 -> 1.42
... A22: 태초 | B22: 193306 | C22: 2550 | D22: 에픽 | E22: =(#REF!/#REF!-1)*100 -> #REF! | F22: =(#REF!/#REF!-1)*100 -> #REF! | G22: =POWER(1.13,N(#REF!))*POWER(1.17,N(#REF!))*POWER(1.2,N(#REF!))*POWER(1.23,N(#REF!))*POWER(1.26,N(#REF!)) -> #REF! | H22: =IF(D22="유니크",1.38,IF(D22="레전더리",1.44,IF(D22="에픽",1.5,IF(D22="태초",1.57,1)))) -> 1.5 | I22: =1+IF(C22>=2550,62+INT((C22-2550)/25)*0.5,IF(C22>=2100,50+INT((C22-2100)/25)*0.5,IF(C22>=1650,39+INT((C22-1650)/25)*0.5,IF(C22>=1200,28+INT((C22-1200)/25)*0.5,IF(C22>=750,17+INT((C22-750)/25)*0.5,0)))))/100 -> 1.62

Sheet 장비 등급별 옵션
A1: 상의 | B1: 공격력증가 | C1: 최종뎀 | D1: 속성강화 | E1: 힘 | F1: 지능 | G1: 체력 | H1: 정신력 | J1: 목걸이 | K1: 공격력증가 | L1: 최종뎀 | M1: 속성강화 | N1: 쿨타임감소 | O1: 힘 | P1: 지능 | Q1: 체력 | R1: 정신력
A2: 레어 | B2: 2100 | C2: 50 | E2: 140 | F2: 140 | G2: 140 | H2: 140 | J2: 레어 | K2: 2100 | L2: 40 | M2: 40 | O2: 100 | P2: 149 | Q2: 100 | R2: 220
A3: 유니크 | B3: 3189 | C3: 53 | E3: 142 | F3: 142 | G3: 142 | H3: 142 | J3: 유니크 | K3: 3189 | L3: 42.8 | M3: 40 | O3: 100 | P3: 151 | Q3: 100 | R3: 226
A4: 레전더리 | B4: 3189 | C4: 54.6 | E4: 143 | F4: 143 | G4: 143 | H4: 143 | J4: 레전더리 | K4: 3189 | L4: 44.3 | M4: 40 | O4: 100 | P4: 152 | Q4: 100 | R4: 229
A5: 에픽 | B5: 3189 | C5: 56.1 | E5: 144 | F5: 144 | G5: 144 | H5: 144 | J5: 에픽 | K5: 3189 | L5: 45.7 | M5: 40 | O5: 100 | P5: 153 | Q5: 100 | R5: 232
A6: 에픽잠식(업글) | B6: 3189 | C6: 59 | E6: 144 | F6: 144 | G6: 144 | H6: 144 | J6: 태초 | K6: 3189 | L6: 51.2 | M6: 40 | O6: 100 | P6: 154 | Q6: 100 | R6: 235
A8: 머리어깨 | B8: 공격력증가 | C8: 최종뎀 | D8: 속성강화 | E8: 힘 | F8: 지능 | G8: 체력 | H8: 정신력 | J8: 반지 | K8: 공격력증가 | L8: 최종뎀 | M8: 속성강화 | N8: 쿨타임감소 | O8: 힘 | P8: 지능 | Q8: 체력 | R8: 정신력
A9: 레어 | B9: 2100 | C9: 65 | E9: 132 | F9: 132 | G9: 132 | H9: 132 | J9: 레어 | K9: 2100 | L9: 40 | M9: 40 | O9: 172 | P9: 172 | Q9: 100 | R9: 100
A10: 유니크 | B10: 3189 | C10: 68.3 | E10: 133 | F10: 133 | G10: 133 | H10: 133 | J10: 유니크 | K10: 3189 | L10: 42.8 | M10: 40 | O10: 175 | P10: 175 | Q10: 100 | R10: 100
A11: 레전더리 | B11: 3189 | C11: 70 | E11: 134 | F11: 134 | G11: 134 | H11: 134 | J11: 레전더리 | K11: 3189 | L11: 44.3 | M11: 40 | O11: 177 | P11: 177 | Q11: 100 | R11: 100
A12: 에픽 | B12: 3189 | C12: 71.7 | E12: 135 | F12: 135 | G12: 135 | H12: 135 | J12: 에픽 | K12: 3189 | L12: 45.7 | M12: 40 | O12: 179 | P12: 179 | Q12: 100 | R12: 100
A13: 에픽잠식(업글) | B13: 3189 | C13: 74.8 | E13: 135 | F13: 135 | G13: 135 | H13: 135 | J13: 태초 | K13: 3189 | L13: 51.2 | M13: 40 | O13: 180 | P13: 180 | Q13: 100 | R13: 100
A15: 하의 | B15: 공격력증가 | C15: 최종뎀 | D15: 속성강화 | E15: 힘 | F15: 지능 | G15: 체력 | H15: 정신력 | J15: 팔찌 | K15: 공격력증가 | L15: 최종뎀 | M15: 속성강화 | N15: 쿨타임감소 | O15: 힘 | P15: 지능 | Q15: 체력 | R15: 정신력
A16: 레어 | B16: 2100 | C16: 50 | E16: 140 | F16: 140 | G16: 140 | H16: 140 | J16: 레어 | K16: 2100 | L16: 50 | M16: 50 | O16: 149 | P16: 100 | Q16: 220 | R16: 100
A17: 유니크 | B17: 3189 | C17: 53 | E17: 142 | F17: 142 | G17: 142 | H17: 142 | J17: 유니크 | K17: 3189 | L17: 53 | M17: 50 | O17: 151 | P17: 100 | Q17: 226 | R17: 100
A18: 레전더리 | B18: 3189 | C18: 54.6 | E18: 143 | F18: 143 | G18: 143 | H18: 143 | J18: 레전더리 | K18: 3189 | L18: 54.6 | M18: 50 | O18: 152 | P18: 100 | Q18: 229 | R18: 100
A19: 에픽 | B19: 3189 | C19: 56.1 | E19: 144 | F19: 144 | G19: 144 | H19: 144 | J19: 에픽 | K19: 3189 | L19: 56.1 | M19: 50 | O19: 153 | P19: 100 | Q19: 232 | R19: 100
A20: 에픽잠식(업글) | B20: 3189 | C20: 59 | E20: 144 | F20: 144 | G20: 144 | H20: 144 | J20: 태초 | K20: 3189 | L20: 59 | M20: 50 | O20: 154 | P20: 100 | Q20: 235 | R20: 100
A22: 신발 | B22: 공격력증가 | C22: 최종뎀 | D22: 속성강화 | E22: 힘 | F22: 지능 | G22: 체력 | H22: 정신력 | J22: 보조장비 | K22: 공격력증가 | L22: 최종뎀 | M22: 속성강화 | N22: 쿨타임감소 | O22: 힘 | P22: 지능 | Q22: 체력 | R22: 정신력
A23: 레어 | B23: 2100 | C23: 60 | E23: 124 | F23: 124 | G23: 124 | H23: 124 | J23: 레어 | K23: 2100 | L23: 40 | O23: 147 | P23: 147 | Q23: 147 | R23: 147
A24: 유니크 | B24: 3189 | C24: 63.2 | E24: 125 | F24: 125 | G24: 125 | H24: 125 | J24: 유니크 | K24: 3189 | L24: 42.8 | O24: 150 | P24: 150 | Q24: 150 | R24: 150
A25: 레전더리 | B25: 3189 | C25: 64.9 | E25: 126 | F25: 126 | G25: 126 | H25: 126 | J25: 레전더리 | K25: 3189 | L25: 44.3 | O25: 151 | P25: 151 | Q25: 151 | R25: 151
A26: 에픽 | B26: 3189 | C26: 66.5 | E26: 127 | F26: 127 | G26: 127 | H26: 127 | J26: 에픽 | K26: 3189 | L26: 45.7 | O26: 152 | P26: 152 | Q26: 152 | R26: 152
A27: 에픽잠식(업글) | B27: 3189 | C27: 69.9 | E27: 127 | F27: 127 | G27: 127 | H27: 127
A29: 허리 | B29: 공격력증가 | C29: 최종뎀 | D29: 속성강화 | E29: 힘 | F29: 지능 | G29: 체력 | H29: 정신력 | J29: 마법석 | K29: 공격력증가 | L29: 최종뎀 | M29: 속성강화 | N29: 쿨타임감소 | O29: 힘 | P29: 지능 | Q29: 체력 | R29: 정신력
A30: 레어 | B30: 2100 | C30: 50 | E30: 124 | F30: 124 | G30: 124 | H30: 124 | J30: 레어 | K30: 2100 | L30: 30 | N30: 15 | O30: 171 | P30: 171 | Q30: 171 | R30: 171
A31: 유니크 | B31: 3189 | C31: 53 | E31: 125 | F31: 125 | G31: 125 | H31: 125 | J31: 유니크 | K31: 3189 | L31: 32.6 | N31: 15 | O31: 174 | P31: 174 | Q31: 174 | R31: 174
A32: 레전더리 | B32: 3189 | C32: 54.6 | E32: 126 | F32: 126 | G32: 126 | H32: 126 | J32: 레전더리 | K32: 3189 | L32: 34 | N32: 15 | O32: 176 | P32: 176 | Q32: 176 | R32: 176
A33: 에픽 | B33: 3189 | C33: 56.1 | E33: 127 | F33: 127 | G33: 127 | H33: 127 | J33: 에픽 | K33: 3189 | L33: 35.3 | N33: 15 | O33: 178 | P33: 178 | Q33: 178 | R33: 178
A34: 에픽잠식(업글) | B34: 3189 | C34: 59 | E34: 127 | F34: 127 | G34: 127 | H34: 127
J36: 귀걸이 | K36: 공격력증가 | L36: 최종뎀 | M36: 속성강화 | N36: 쿨타임감소 | O36: 힘 | P36: 지능 | Q36: 체력 | R36: 정신력
J37: 레어 | K37: 2100 | L37: 40 | O37: 171 | P37: 171 | Q37: 171 | R37: 171
J38: 유니크 | K38: 3189 | L38: 53 | O38: 174 | P38: 174 | Q38: 174 | R38: 174
J39: 레전더리 | K39: 3189 | L39: 54.6 | O39: 226 | P39: 226 | Q39: 226 | R39: 226
J40: 에픽 | K40: 3189 | L40: 56.1 | O40: 278 | P40: 278 | Q40: 278 | R40: 278
B42: 세트포인트(통일)
A43: 레어 | B43: 65
A44: 유니크 | B44: 115
A45: 레전더리 | B45: 165
A46: 에픽 | B46: 215
A47: 에픽잠식(업글) | B47: 235
A48: 태초 | B48: 265

Sheet 무기 등급별 옵션

Sheet 서약의 가호
A1: 가호 단계/이름 | B1: 서약 포인트 | C1: 최종데미지증가(%) | D1: 스킬쿨타임감소(%) | E1: 버프력 | F1: 스킬범위(%) | G1: 명성 | H1: 메모
A2: 레어 | B2: 750 | C2: 17 | D2: 0 | E2: 3300 | F2: 0 | G2: 1650
A3: 유니크 | B3: 1200 | C3: 28 | D3: 18.5 | E3: 5060 | F3: 15 | G3: 2530
A4: 레전더리 | B4: 1650 | C4: 39 | D4: 18.5 | E4: 6720 | F4: 15 | G4: 3360
A5: 에픽 | B5: 2100 | C5: 50 | D5: 18.5 | E5: 8210 | F5: 15 | G5: 4105
A6: 태초 | B6: 2550 | C6: 62 | D6: 18.5 | E6: 9700 | F6: 15 | G6: 4850

Sheet 서약 등급별 최종데미지
A1: 서약 등급 | B1: 최종데미지증가(%) | C1: 스텟(힘지체정) | D1: 명성
A2: 유니크 | B2: 38 | C2: 298 | D2: 5015
A3: 레전더리 | B3: 44 | C3: 350 | D3: 5455
A4: 에픽 | B4: 50 | C4: 400 | D4: 5875
A5: 태초 | B5: 57 | C5: 450 | D5: 6315

Sheet 입력 규칙
A1: 입력 규칙
A2: 퍼센트 값은 % 기호 없이 숫자만 입력한다.
A3: 공식 API 값이 391.1%라면 391.1로 입력한다.
A4: 같은 세트단계에서 세트명이 달라도 값이 같으면 표본 캐릭터/세트명만 추가 기록한다.
A5: 세트단계별 값이 확정되면 장비점수 계산에서는 세트 설명문을 해석하지 않고 이 표의 최종데미지증가 값을 사용한다.
A7: API 위치
A8: 서약 세트 단계: oath.setInfo.setRarityName + oath.setInfo.active.status
A9: 서약 세트 포인트: oath.setInfo.active.setPoint
A10: 서약의 가호: oath.blessing.status

Sheet 역산 기준
A1: 항목 | B1: 값 | C1: 메모
A2: 기준 장비점수 | C2: 변경 전 공식 장비점수
A3: 기준 서약포인트 | C3: 변경 전 oath.setInfo.active.setPoint.current
A4: 기준 레어 결정 개수 | C4: 변경 전 레어 결정 개수
A5: 기준 유니크 결정 개수 | C5: 변경 전 유니크 결정 개수
A6: 기준 레전더리 결정 개수 | C6: 변경 전 레전더리 결정 개수
A7: 기준 에픽 결정 개수 | C7: 변경 전 에픽 결정 개수
A8: 기준 태초 결정 개수 | C8: 변경 전 태초 결정 개수
A9: 기준 세트단계 | C9: 예: 에픽 V
A10: 기준 세트 최종데미지(%) | C10: 알고 있으면 입력, 모르면 비워둠
A11: 기준 기타 전후비 | B11: 1 | C11: 세트 외 옵션 변화가 없으면 1
